scenario,term,coef,time_ratio,tr_lo95,tr_hi95,sigma,converged
S1,rationing,0.40744098256603567,1.5029667416761578,1.4133699236659607,1.5982433110827412,0.1473500142748587,True
S1,feed2food,0.5639767642856659,1.7576483736798265,1.5890480186856208,1.9441374767608803,0.1473500142748587,True
S1,surge,0.05491083878694942,1.0564464164321299,1.0326704202815953,1.0807698263381549,0.1473500142748587,True
S1,rice_plus3,0.09204225885691221,1.0964111541839208,1.0695981694914545,1.1238962942414812,0.1473500142748587,True
S1,dispersed,3.7446365035026966e-07,1.0000003744637205,0.9796850197604633,1.0207370009312637,0.1473500142748587,True
S1,convoy,0.0008804850544178734,1.000880872795175,0.9805220603208166,1.0216624001294423,0.1473500142748587,True
S2,rationing,0.2609916395152552,1.2982168116664692,1.2875566041085205,1.3089652794413407,0.20800830494843775,True
S2,feed2food,0.3520705276811843,1.4220088111660905,1.4101293428927437,1.4339883566182923,0.20800830494843775,True
S2,surge,0.07182958011867156,1.074472217032296,1.0657370916053646,1.0832789383685988,0.20800830494843775,True
S2,rice_plus3,0.1084023432618206,1.114496065173345,1.105431584314477,1.1236348742985725,0.20800830494843775,True
S2,dispersed,0.024102869214401322,1.0243956912506862,1.0160705669850536,1.0327890270129316,0.20800830494843775,True
S2,convoy,0.12923783798716146,1.1379607422752342,1.1287086170659981,1.1472887079800536,0.20800830494843775,True
S3,rationing,0.1548394975258412,1.167470564152636,1.1614940357733896,1.1734778450716008,0.13092702662851585,True
S3,feed2food,0.16526362387377463,1.1797040758801143,1.173664933328564,1.1857742930950732,0.13092702662851585,True
S3,surge,0.005768968775590462,1.0057856413216706,1.0006365176543022,1.0109612615980217,0.13092702662851585,True
S3,rice_plus3,0.11603259543363297,1.1230324772672517,1.1172828188505228,1.1288117240490314,0.13092702662851585,True
S3,dispersed,0.05628924130526167,1.0579036289149553,1.0524877016272196,1.0633474256669524,0.13092702662851585,True
S3,convoy,0.41008434513076647,1.5069448832159578,1.4992204181058688,1.5147091472512193,0.13092702662851585,True
