scenario,variant,lever,county_en,county_zh,code,region,population,median,rmst,q25,q75,p_gt_180,lead_vs_national,national_median
S2,baseline_normal,baseline,New Taipei City,新北市,NTP,west,4044831.0,182.0,186.11,159.0,210.0,0.523,1.0,184.0
S2,baseline_normal,baseline,Taichung City,臺中市,TXG,west,2868465.0,184.0,189.2575,162.0,211.0,0.542,1.0,184.0
S2,baseline_normal,baseline,Kaohsiung City,高雄市,KHH,west,2718545.0,183.0,187.846,161.0,210.25,0.53,1.0,184.0
S2,baseline_normal,baseline,Taipei City,臺北市,TPE,west,2439507.0,182.0,185.127,158.75,210.0,0.5175,1.0,184.0
S2,baseline_normal,baseline,Taoyuan City,桃園市,TYN,west,2355106.0,183.0,188.4085,161.0,211.0,0.5335,1.0,184.0
S2,baseline_normal,baseline,Tainan City,臺南市,TNN,west,1852477.0,184.0,189.9145,163.0,211.0,0.548,1.0,184.0
S2,baseline_normal,baseline,Changhua County,彰化縣,CHA,west,1210206.0,202.0,208.554,178.0,233.0,0.726,-11.0,184.0
S2,baseline_normal,baseline,Pingtung County,屏東縣,PIF,west,782256.0,187.0,192.4465,165.0,214.0,0.5735,0.0,184.0
S2,baseline_normal,baseline,Yunlin County,雲林縣,YUN,west,650989.0,206.0,212.833,182.0,237.0,0.762,-14.0,184.0
S2,baseline_normal,baseline,Hsinchu County,新竹縣,HSQ,west,597235.0,184.0,189.8285,163.0,211.0,0.5465,1.0,184.0
S2,baseline_normal,baseline,Miaoli County,苗栗縣,MIA,west,531172.0,199.0,204.5855,175.0,229.0,0.6915,-9.0,184.0
S2,baseline_normal,baseline,Chiayi County,嘉義縣,CYQ,west,473181.0,209.0,215.548,183.0,241.0,0.7745,-16.0,184.0
S2,baseline_normal,baseline,Nantou County,南投縣,NAN,west,467881.0,198.0,205.438,175.0,228.0,0.6975,-11.0,184.0
S2,baseline_normal,baseline,Yilan County,宜蘭縣,ILA,east,449336.0,194.0,200.454,173.0,223.0,0.661,-8.0,184.0
S2,baseline_normal,baseline,Hsinchu City,新竹市,HSZ,west,455740.0,182.0,186.757,159.0,210.0,0.522,1.0,184.0
S2,baseline_normal,baseline,Keelung City,基隆市,KEE,west,359836.0,182.0,185.7915,159.0,210.0,0.5195,1.0,184.0
S2,baseline_normal,baseline,Hualien County,花蓮縣,HUA,east,312807.0,207.0,213.6145,182.0,238.0,0.7675,-14.0,184.0
S2,baseline_normal,baseline,Chiayi City,嘉義市,CYI,west,261592.0,183.0,188.1915,161.0,210.0,0.5295,1.0,184.0
S2,baseline_normal,baseline,Taitung County,臺東縣,TTT,east,208320.0,218.0,226.492,190.0,252.0,0.8275,-22.0,184.0
S2,baseline_normal,baseline,Kinmen County,金門縣,KIN,island,139313.0,70.0,70.3925,63.0,78.0,0.0,114.0,184.0
S2,baseline_normal,baseline,Penghu County,澎湖縣,PEN,island,106716.0,77.0,77.0285,69.0,85.0,0.0,108.0,184.0
S2,baseline_normal,baseline,Lienchiang County,連江縣,LIE,island,13621.0,68.0,68.132,61.0,75.0,0.0,116.0,184.0
S2,baseline_disrupted,baseline,New Taipei City,新北市,NTP,west,4044831.0,106.0,121.436,93.0,125.0,0.1265,73.0,184.0
S2,baseline_disrupted,baseline,Taichung City,臺中市,TXG,west,2868465.0,164.0,173.337,140.0,197.0,0.3625,20.0,184.0
S2,baseline_disrupted,baseline,Kaohsiung City,高雄市,KHH,west,2718545.0,122.0,139.857,106.75,155.25,0.1905,58.0,184.0
S2,baseline_disrupted,baseline,Taipei City,臺北市,TPE,west,2439507.0,105.0,119.6395,92.0,122.0,0.1185,74.5,184.0
S2,baseline_disrupted,baseline,Taoyuan City,桃園市,TYN,west,2355106.0,143.0,156.0675,125.0,175.0,0.228,40.0,184.0
S2,baseline_disrupted,baseline,Tainan City,臺南市,TNN,west,1852477.0,192.0,198.1845,167.0,221.0,0.612,-3.0,184.0
S2,baseline_disrupted,baseline,Changhua County,彰化縣,CHA,west,1210206.0,227.0,231.7395,199.0,259.0,0.874,-33.0,184.0
S2,baseline_disrupted,baseline,Pingtung County,屏東縣,PIF,west,782256.0,199.0,205.73,175.0,231.0,0.692,-11.0,184.0
S2,baseline_disrupted,baseline,Yunlin County,雲林縣,YUN,west,650989.0,230.0,235.7765,202.0,264.0,0.891,-37.0,184.0
S2,baseline_disrupted,baseline,Hsinchu County,新竹縣,HSQ,west,597235.0,189.0,195.901,165.0,220.0,0.5855,-2.0,184.0
S2,baseline_disrupted,baseline,Miaoli County,苗栗縣,MIA,west,531172.0,217.0,221.7085,191.0,247.0,0.8325,-24.0,184.0
S2,baseline_disrupted,baseline,Chiayi County,嘉義縣,CYQ,west,473181.0,233.0,237.996,204.0,266.25,0.901,-39.0,184.0
S2,baseline_disrupted,baseline,Nantou County,南投縣,NAN,west,467881.0,215.0,221.453,190.0,246.0,0.827,-24.0,184.0
S2,baseline_disrupted,baseline,Yilan County,宜蘭縣,ILA,east,449336.0,215.0,218.7345,187.0,245.0,0.807,-21.0,184.0
S2,baseline_disrupted,baseline,Hsinchu City,新竹市,HSZ,west,455740.0,118.0,133.7395,104.0,144.0,0.1485,60.0,184.0
S2,baseline_disrupted,baseline,Keelung City,基隆市,KEE,west,359836.0,104.0,118.848,92.0,121.0,0.115,75.0,184.0
S2,baseline_disrupted,baseline,Hualien County,花蓮縣,HUA,east,312807.0,231.0,236.295,202.0,265.0,0.8925,-37.0,184.0
S2,baseline_disrupted,baseline,Chiayi City,嘉義市,CYI,west,261592.0,143.0,156.1355,124.0,175.25,0.23,35.0,184.0
S2,baseline_disrupted,baseline,Taitung County,臺東縣,TTT,east,208320.0,239.0,246.098,208.0,276.0,0.9265,-46.0,184.0
S2,baseline_disrupted,baseline,Kinmen County,金門縣,KIN,island,139313.0,68.0,68.135,61.0,75.0,0.0,116.0,184.0
S2,baseline_disrupted,baseline,Penghu County,澎湖縣,PEN,island,106716.0,74.0,74.4085,66.0,82.0,0.0,110.0,184.0
S2,baseline_disrupted,baseline,Lienchiang County,連江縣,LIE,island,13621.0,66.0,66.0125,59.0,73.0,0.0,118.0,184.0
S2,package_disrupted,civil_package,New Taipei City,新北市,NTP,west,4044831.0,205.0,237.3685,168.75,365.0,0.6615,119.0,358.0
S2,package_disrupted,civil_package,Taichung City,臺中市,TXG,west,2868465.0,298.0,297.3935,244.0,365.0,0.9855,38.0,358.0
S2,package_disrupted,civil_package,Kaohsiung City,高雄市,KHH,west,2718545.0,240.0,263.027,198.0,365.0,0.8605,86.0,358.0
S2,package_disrupted,civil_package,Taipei City,臺北市,TPE,west,2439507.0,198.0,231.394,163.0,349.0,0.6155,126.0,358.0
S2,package_disrupted,civil_package,Taoyuan City,桃園市,TYN,west,2355106.0,280.0,286.7475,229.0,365.0,0.9665,54.0,358.0
S2,package_disrupted,civil_package,Tainan City,臺南市,TNN,west,1852477.0,inf,333.04,304.75,365.0,1.0,0.0,358.0
S2,package_disrupted,civil_package,Changhua County,彰化縣,CHA,west,1210206.0,inf,352.9265,356.75,365.0,1.0,-7.0,358.0
S2,package_disrupted,civil_package,Pingtung County,屏東縣,PIF,west,782256.0,inf,343.14,327.0,365.0,1.0,-5.0,358.0
S2,package_disrupted,civil_package,Yunlin County,雲林縣,YUN,west,650989.0,inf,353.689,360.0,365.0,1.0,-7.0,358.0
S2,package_disrupted,civil_package,Hsinchu County,新竹縣,HSQ,west,597235.0,364.0,332.1705,302.0,365.0,1.0,0.0,358.0
S2,package_disrupted,civil_package,Miaoli County,苗栗縣,MIA,west,531172.0,inf,347.7575,340.0,365.0,1.0,-7.0,358.0
S2,package_disrupted,civil_package,Chiayi County,嘉義縣,CYQ,west,473181.0,inf,354.082,362.0,365.0,1.0,-7.0,358.0
S2,package_disrupted,civil_package,Nantou County,南投縣,NAN,west,467881.0,inf,345.619,334.0,365.0,1.0,-6.5,358.0
S2,package_disrupted,civil_package,Yilan County,宜蘭縣,ILA,east,449336.0,inf,349.8175,347.0,365.0,1.0,-7.0,358.0
S2,package_disrupted,civil_package,Hsinchu City,新竹市,HSZ,west,455740.0,224.0,251.033,187.0,365.0,0.786,100.0,358.0
S2,package_disrupted,civil_package,Keelung City,基隆市,KEE,west,359836.0,198.0,231.846,162.0,356.0,0.6145,126.0,358.0
S2,package_disrupted,civil_package,Hualien County,花蓮縣,HUA,east,312807.0,inf,353.8505,360.75,365.0,1.0,-7.0,358.0
S2,package_disrupted,civil_package,Chiayi City,嘉義市,CYI,west,261592.0,264.0,276.813,217.0,365.0,0.9385,65.0,358.0
S2,package_disrupted,civil_package,Taitung County,臺東縣,TTT,east,208320.0,inf,355.0545,365.0,365.0,1.0,-7.0,358.0
S2,package_disrupted,civil_package,Kinmen County,金門縣,KIN,island,139313.0,82.0,81.7335,73.0,90.0,0.0,265.0,358.0
S2,package_disrupted,civil_package,Penghu County,澎湖縣,PEN,island,106716.0,90.0,90.356,81.0,99.0,0.0,254.0,358.0
S2,package_disrupted,civil_package,Lienchiang County,連江縣,LIE,island,13621.0,79.0,78.817,70.0,87.0,0.0,268.0,358.0
S2,package_disrupted_islands180,civil_package,New Taipei City,新北市,NTP,west,4044831.0,205.0,237.4295,168.75,365.0,0.6625,119.0,358.0
S2,package_disrupted_islands180,civil_package,Taichung City,臺中市,TXG,west,2868465.0,299.0,297.5695,244.0,365.0,0.986,37.0,358.0
S2,package_disrupted_islands180,civil_package,Kaohsiung City,高雄市,KHH,west,2718545.0,241.0,263.1,198.0,365.0,0.8605,86.0,358.0
S2,package_disrupted_islands180,civil_package,Taipei City,臺北市,TPE,west,2439507.0,198.0,231.445,163.0,349.0,0.6165,126.0,358.0
S2,package_disrupted_islands180,civil_package,Taoyuan City,桃園市,TYN,west,2355106.0,280.0,286.8565,229.0,365.0,0.967,54.0,358.0
S2,package_disrupted_islands180,civil_package,Tainan City,臺南市,TNN,west,1852477.0,inf,333.323,305.0,365.0,1.0,0.0,358.0
S2,package_disrupted_islands180,civil_package,Changhua County,彰化縣,CHA,west,1210206.0,inf,353.1675,357.0,365.0,1.0,-7.0,358.0
S2,package_disrupted_islands180,civil_package,Pingtung County,屏東縣,PIF,west,782256.0,inf,343.387,328.0,365.0,1.0,-5.0,358.0
S2,package_disrupted_islands180,civil_package,Yunlin County,雲林縣,YUN,west,650989.0,inf,353.9085,360.75,365.0,1.0,-7.0,358.0
S2,package_disrupted_islands180,civil_package,Hsinchu County,新竹縣,HSQ,west,597235.0,364.0,332.388,303.0,365.0,1.0,0.0,358.0
S2,package_disrupted_islands180,civil_package,Miaoli County,苗栗縣,MIA,west,531172.0,inf,347.9945,340.0,365.0,1.0,-7.0,358.0
S2,package_disrupted_islands180,civil_package,Chiayi County,嘉義縣,CYQ,west,473181.0,inf,354.3165,362.75,365.0,1.0,-7.0,358.0
S2,package_disrupted_islands180,civil_package,Nantou County,南投縣,NAN,west,467881.0,inf,345.869,334.0,365.0,1.0,-6.5,358.0
S2,package_disrupted_islands180,civil_package,Yilan County,宜蘭縣,ILA,east,449336.0,inf,350.1025,348.0,365.0,1.0,-7.0,358.0
S2,package_disrupted_islands180,civil_package,Hsinchu City,新竹市,HSZ,west,455740.0,224.0,251.084,187.0,365.0,0.786,100.0,358.0
S2,package_disrupted_islands180,civil_package,Keelung City,基隆市,KEE,west,359836.0,198.0,231.8975,162.0,357.0,0.6145,126.0,358.0
S2,package_disrupted_islands180,civil_package,Hualien County,花蓮縣,HUA,east,312807.0,inf,354.0415,361.0,365.0,1.0,-7.0,358.0
S2,package_disrupted_islands180,civil_package,Chiayi City,嘉義市,CYI,west,261592.0,264.0,276.9055,217.0,365.0,0.9385,65.0,358.0
S2,package_disrupted_islands180,civil_package,Taitung County,臺東縣,TTT,east,208320.0,inf,355.2365,365.0,365.0,1.0,-7.0,358.0
S2,package_disrupted_islands180,civil_package,Kinmen County,金門縣,KIN,island,139313.0,259.0,258.361,246.0,271.0,1.0,81.0,358.0
S2,package_disrupted_islands180,civil_package,Penghu County,澎湖縣,PEN,island,106716.0,276.0,275.7455,260.75,291.0,1.0,61.0,358.0
S2,package_disrupted_islands180,civil_package,Lienchiang County,連江縣,LIE,island,13621.0,252.0,251.995,241.0,264.0,1.0,89.0,358.0
