county_en,county_zh,code,region,pop_2019_moi,pop_latest,pop_latest_time,crop1_area_ha,crop1_brown_t,crop2_area_ha,crop2_brown_t,population,population_note,pop_share,crop1_share,crop2_share,cultivated_ha,paddy_ha,dry_ha,rice_harvest_ha,idle_paddy_ha,crop_share,idle_share
New Taipei City,新北市,NTP,west,4010657,4044831,114Y12M,131,612,6,13,4044831.0,MOI 114Y12M,0.1736043643170913,0.0006765428659549701,3.816166455309755e-05,22417.16,8907.44,13509.72,132.77,8841.055,0.028854678619457452,0.03980235626142183
Taichung City,臺中市,TXG,west,2811729,2868465,114Y12M,12112,69957,9739,37525,2868465.0,MOI 114Y12M,0.12311467225474322,0.07733481907452916,0.11015511248884505,47434.37,18994.44,28439.93,20974.5,8507.189999999999,0.06105606160041834,0.03829929880128618
Kaohsiung City,高雄市,KHH,west,2773786,2718545,114Y12M,4682,21999,252,752,2718545.0,MOI 114Y12M,0.11668009778218347,0.02431906292180292,0.002207505518763797,46717.0,18154.87,28562.13,5122.17,15593.785,0.06013268500850214,0.0702030906983404
Taipei City,臺北市,TPE,west,2650154,2439507,114Y12M,215,920,214,480,2439507.0,MOI 114Y12M,0.10470377179716395,0.0010170252233310008,0.0014090460758066788,3233.38,1021.23,2212.15,431.45,805.505,0.004161907251167469,0.003626376827240255
Taoyuan City,桃園市,TYN,west,2240328,2355106,114Y12M,11917,58623,1802,5838,2355106.0,MOI 114Y12M,0.10108127633252603,0.06480551050797094,0.01713752289699873,30263.82,25159.64,5104.18,13398.58,18460.35,0.03895465794494525,0.08310834254628419
Tainan City,臺南市,TNN,west,1881730,1852477,114Y12M,11833,73549,6087,26626,1852477.0,MOI 114Y12M,0.07950841258807409,0.08130563929431715,0.07816096003005965,90221.02,34862.89,55358.13,20855.09,24435.345,0.11612972101816837,0.11000772046557257
Changhua County,彰化縣,CHA,west,1273613,1210206,114Y12M,27080,170289,17195,78148,1210206.0,MOI 114Y12M,0.05194210668448936,0.18824805245197043,0.22940444319195905,60980.66,41172.68,19807.98,44267.7,19038.83,0.07849242929534359,0.08571265470700566
Pingtung County,屏東縣,PIF,west,820798,782256,114Y12M,6112,33454,691,2446,782256.0,MOI 114Y12M,0.033574469641186634,0.03698213241447315,0.007180263961298201,70809.34,30782.06,40027.28,6951.21,27306.455,0.09114360378191945,0.1229334338658094
Yunlin County,雲林縣,YUN,west,682577,650989,114Y12M,24234,158467,10543,51963,650989.0,MOI 114Y12M,0.027940482933012267,0.17517927833216707,0.15253804424404677,79420.46,51269.77,28150.69,36990.02,32774.759999999995,0.10222757249845547,0.1475516976087806
Hsinchu County,新竹縣,HSQ,west,561766,597235,114Y12M,4599,21671,2595,9141,597235.0,MOI 114Y12M,0.025633358358586062,0.023956471320441434,0.02683352120614344,27052.62,13180.1,13872.52,7017.57,9671.315,0.03482130010734219,0.043540179893285694
Miaoli County,苗栗縣,MIA,west,546461,531172,114Y12M,6253,34400,4313,18156,531172.0,MOI 114Y12M,0.022797930841372115,0.03802789965498525,0.05329716781738763,32903.78,9474.45,23429.33,9515.65,4716.625000000001,0.042352733230495376,0.021234206619179363
Chiayi County,嘉義縣,CYQ,west,504750,473181,114Y12M,16361,107057,8927,42925,473181.0,MOI 114Y12M,0.020308953998801327,0.11834746666755104,0.1260068808416702,73107.9,39273.62,33834.28,28235.65,25155.795000000002,0.09410223949168553,0.11325118038845976
Nantou County,南投縣,NAN,west,495084,467881,114Y12M,2078,12254,2049,10870,467881.0,MOI 114Y12M,0.02008147771341868,0.013546333789889222,0.031909022591705416,64991.72,6483.89,58507.83,4068.0,4449.89,0.08365534231480551,0.020033367862109037
Yilan County,宜蘭縣,ILA,east,454636,449336,114Y12M,11070,57222,9,16,449336.0,MOI 114Y12M,0.019285525314848638,0.0632567579667897,4.69682025268893e-05,25857.35,15074.84,10782.51,11114.2,9517.74,0.03328278533948226,0.04284878651739923
Hsinchu City,新竹市,HSZ,west,447781,455740,114Y12M,603,2914,485,1744,455740.0,MOI 114Y12M,0.019560385339677033,0.003221316848681018,0.0051195340754309334,2209.78,1596.99,612.79,1026.95,1083.5149999999999,0.0028443608253545362,0.004877975540769113
Keelung City,基隆市,KEE,west,369305,359836,114Y12M,0,0,0,0,359836.0,MOI 114Y12M,0.015444180495651083,0.0,0.0,739.46,250.23,489.23,0.0,250.23,0.0009518101602497376,0.0011265333840017493
Hualien County,花蓮縣,HUA,east,326780,312807,114Y12M,8263,44138,7519,28271,312807.0,MOI 114Y12M,0.013425693283337765,0.048792890551504035,0.08298987835235545,41484.72,11211.74,30272.98,16307.62,3057.9299999999994,0.053397855179611466,0.013766775490310789
Chiayi City,嘉義市,CYI,west,268068,261592,114Y12M,680,4552,584,2775,261592.0,MOI 114Y12M,0.011227542725626002,0.005032063931089908,0.008146047625757363,1793.5,895.76,897.74,1299.16,246.17999999999995,0.002308538017482899,0.0011083003176020085
Taitung County,臺東縣,TTT,east,217540,208320,114Y12M,6445,32521,6102,22967,208320.0,MOI 114Y12M,0.008941105617153463,0.0359507361825516,0.06741991921469165,47707.01,14499.03,33207.98,12575.23,8211.415,0.06140699541981424,0.03696772220514217
Kinmen County,金門縣,KIN,island,139319,139313,114Y12M,0,0,0,0,139313.0,MOI 114Y12M,0.005979321461417533,0.0,0.0,2013.44,0.0,2013.44,0.0,0.0,0.0025916380183556,0.0
Penghu County,澎湖縣,PEN,island,104711,106716,114Y12M,0,0,0,0,106716.0,MOI 114Y12M,0.004580256466206552,0.0,0.0,5540.13,0.0,5540.13,0.0,0.0,0.007131084876943146,0.0
Lienchiang County,連江縣,LIE,island,13073,13621,114Y12M,0,0,0,0,13621.0,MOI 114Y12M,0.0005846140534334069,0.0,0.0,0.0,0.0,0.0,0.0,0.0,0.0,0.0
