scenario,lever,t,S
S1,baseline,0.0,1.0
S1,baseline,200.0,0.9996
S1,baseline,203.0,0.9992
S1,baseline,204.0,0.9989999999999999
S1,baseline,205.0,0.9987999999999999
S1,baseline,207.0,0.9985999999999999
S1,baseline,210.0,0.9984
S1,baseline,214.0,0.9982
S1,baseline,224.0,0.9978
S1,baseline,227.0,0.9974000000000001
S1,baseline,231.0,0.9972000000000001
S1,baseline,233.0,0.9968000000000001
S1,baseline,235.0,0.9964000000000001
S1,baseline,236.0,0.9962000000000001
S1,baseline,237.0,0.9960000000000001
S1,baseline,239.0,0.9958000000000001
S1,baseline,240.0,0.9956000000000002
S1,baseline,243.0,0.9952000000000001
S1,baseline,245.0,0.995
S1,baseline,247.0,0.9948
S1,baseline,250.0,0.9945999999999999
S1,baseline,251.0,0.9944
S1,baseline,252.0,0.9942
S1,baseline,253.0,0.994
S1,baseline,256.0,0.9938
S1,baseline,257.0,0.9934000000000001
S1,baseline,258.0,0.9932000000000001
S1,baseline,260.0,0.9930000000000001
S1,baseline,261.0,0.9926000000000001
S1,baseline,262.0,0.9924000000000002
S1,baseline,263.0,0.9920000000000002
S1,baseline,264.0,0.9916000000000003
S1,baseline,266.0,0.9908000000000002
S1,baseline,267.0,0.9906000000000003
S1,baseline,268.0,0.9898000000000002
S1,baseline,269.0,0.9894000000000003
S1,baseline,270.0,0.9888000000000002
S1,baseline,271.0,0.9884000000000003
S1,baseline,273.0,0.9882000000000003
S1,baseline,274.0,0.9878000000000003
S1,baseline,275.0,0.9874000000000003
S1,baseline,276.0,0.9870000000000003
S1,baseline,277.0,0.9868000000000003
S1,baseline,278.0,0.9862000000000003
S1,baseline,279.0,0.9854000000000003
S1,baseline,280.0,0.9846000000000004
S1,baseline,281.0,0.9840000000000003
S1,baseline,282.0,0.9836000000000004
S1,baseline,283.0,0.9832000000000003
S1,baseline,284.0,0.9828000000000003
S1,baseline,285.0,0.9822000000000003
S1,baseline,286.0,0.9818000000000003
S1,baseline,287.0,0.9808000000000003
S1,baseline,288.0,0.9798000000000003
S1,baseline,289.0,0.9794000000000004
S1,baseline,290.0,0.9790000000000004
S1,baseline,291.0,0.9782000000000004
S1,baseline,292.0,0.9780000000000004
S1,baseline,293.0,0.9776000000000004
S1,baseline,294.0,0.9766000000000004
S1,baseline,295.0,0.9760000000000003
S1,baseline,297.0,0.9748000000000003
S1,baseline,298.0,0.9744000000000004
S1,baseline,299.0,0.9738000000000003
S1,baseline,300.0,0.9736000000000004
S1,baseline,301.0,0.9730000000000003
S1,baseline,302.0,0.9726000000000004
S1,baseline,303.0,0.9722000000000004
S1,baseline,304.0,0.9714000000000004
S1,baseline,305.0,0.9710000000000003
S1,baseline,306.0,0.9692000000000003
S1,baseline,307.0,0.9684000000000003
S1,baseline,308.0,0.9678000000000002
S1,baseline,309.0,0.9676000000000002
S1,baseline,310.0,0.9666000000000002
S1,baseline,311.0,0.9660000000000002
S1,baseline,312.0,0.9652000000000002
S1,baseline,313.0,0.9644000000000001
S1,baseline,314.0,0.9636000000000001
S1,baseline,315.0,0.9628000000000001
S1,baseline,316.0,0.9626000000000001
S1,baseline,317.0,0.9620000000000002
S1,baseline,318.0,0.9612000000000002
S1,baseline,319.0,0.9606000000000001
S1,baseline,320.0,0.9598000000000001
S1,baseline,321.0,0.9586000000000001
S1,baseline,322.0,0.9574000000000001
S1,baseline,323.0,0.9572000000000002
S1,baseline,324.0,0.9566000000000001
S1,baseline,325.0,0.9564000000000001
S1,baseline,326.0,0.9552000000000002
S1,baseline,327.0,0.9544000000000001
S1,baseline,328.0,0.9540000000000001
S1,baseline,329.0,0.9536000000000001
S1,baseline,330.0,0.9528000000000001
S1,baseline,331.0,0.9516
S1,baseline,332.0,0.951
S1,baseline,333.0,0.95
S1,baseline,334.0,0.949
S1,baseline,335.0,0.9483999999999999
S1,baseline,336.0,0.9471999999999999
S1,baseline,337.0,0.9465999999999999
S1,baseline,338.0,0.9455999999999999
S1,baseline,339.0,0.9451999999999998
S1,baseline,340.0,0.9445999999999999
S1,baseline,341.0,0.9439999999999998
S1,baseline,342.0,0.9433999999999998
S1,baseline,343.0,0.9429999999999998
S1,baseline,344.0,0.9421999999999998
S1,baseline,345.0,0.9413999999999998
S1,baseline,346.0,0.9405999999999998
S1,baseline,347.0,0.9399999999999998
S1,baseline,348.0,0.9391999999999998
S1,baseline,349.0,0.9385999999999998
S1,baseline,350.0,0.9375999999999998
S1,baseline,351.0,0.9367999999999999
S1,baseline,352.0,0.9355999999999998
S1,baseline,353.0,0.9347999999999997
S1,baseline,354.0,0.9335999999999998
S1,baseline,355.0,0.9319999999999998
S1,baseline,356.0,0.9301999999999998
S1,baseline,357.0,0.9291999999999998
S1,baseline,358.0,0.9283999999999998
S1,baseline,359.0,0.9279999999999998
S1,baseline,360.0,0.9267999999999998
S1,baseline,361.0,0.9251999999999998
S1,baseline,362.0,0.9237999999999998
S1,baseline,363.0,0.9221999999999998
S1,baseline,364.0,0.9207999999999997
S1,civil_package,0.0,1.0
S1,full_package,0.0,1.0
S2,baseline,0.0,1.0
S2,baseline,93.0,0.9998
S2,baseline,95.0,0.9996
S2,baseline,98.0,0.9994000000000001
S2,baseline,100.0,0.9992000000000001
S2,baseline,101.0,0.999
S2,baseline,103.0,0.9988
S2,baseline,104.0,0.9986
S2,baseline,105.0,0.9982000000000001
S2,baseline,106.0,0.9980000000000001
S2,baseline,107.0,0.9966000000000002
S2,baseline,110.0,0.9962000000000001
S2,baseline,111.0,0.9960000000000001
S2,baseline,112.0,0.9958000000000001
S2,baseline,113.0,0.9952000000000002
S2,baseline,114.0,0.9938000000000001
S2,baseline,115.0,0.9930000000000001
S2,baseline,116.0,0.9924000000000002
S2,baseline,117.0,0.9920000000000002
S2,baseline,118.0,0.9914000000000002
S2,baseline,119.0,0.9906000000000003
S2,baseline,120.0,0.9894000000000003
S2,baseline,121.0,0.9876000000000003
S2,baseline,122.0,0.9858000000000002
S2,baseline,123.0,0.9844000000000002
S2,baseline,124.0,0.9824000000000002
S2,baseline,125.0,0.9806000000000001
S2,baseline,126.0,0.9778000000000001
S2,baseline,127.0,0.9758000000000001
S2,baseline,128.0,0.9742000000000001
S2,baseline,129.0,0.9714
S2,baseline,130.0,0.9688
S2,baseline,131.0,0.9642
S2,baseline,132.0,0.961
S2,baseline,133.0,0.9582
S2,baseline,134.0,0.9534000000000001
S2,baseline,135.0,0.9488000000000002
S2,baseline,136.0,0.9432000000000001
S2,baseline,137.0,0.9372000000000001
S2,baseline,138.0,0.9322000000000001
S2,baseline,139.0,0.9282000000000001
S2,baseline,140.0,0.9214000000000001
S2,baseline,141.0,0.9138000000000002
S2,baseline,142.0,0.9086000000000002
S2,baseline,143.0,0.9020000000000002
S2,baseline,144.0,0.8968000000000003
S2,baseline,145.0,0.8920000000000002
S2,baseline,146.0,0.8840000000000002
S2,baseline,147.0,0.8772000000000002
S2,baseline,148.0,0.8698000000000001
S2,baseline,149.0,0.8624000000000002
S2,baseline,150.0,0.8536000000000001
S2,baseline,151.0,0.8448000000000002
S2,baseline,152.0,0.8380000000000002
S2,baseline,153.0,0.8298000000000002
S2,baseline,154.0,0.8188000000000002
S2,baseline,155.0,0.8106000000000002
S2,baseline,156.0,0.7988000000000003
S2,baseline,157.0,0.7908000000000003
S2,baseline,158.0,0.7818000000000003
S2,baseline,159.0,0.7722000000000003
S2,baseline,160.0,0.7648000000000003
S2,baseline,161.0,0.7556000000000003
S2,baseline,162.0,0.7452000000000003
S2,baseline,163.0,0.7354000000000004
S2,baseline,164.0,0.7244000000000004
S2,baseline,165.0,0.7100000000000004
S2,baseline,166.0,0.7004000000000004
S2,baseline,167.0,0.6882000000000004
S2,baseline,168.0,0.6784000000000003
S2,baseline,169.0,0.6666000000000003
S2,baseline,170.0,0.6564000000000003
S2,baseline,171.0,0.6446000000000003
S2,baseline,172.0,0.6314000000000003
S2,baseline,173.0,0.6204000000000003
S2,baseline,174.0,0.6102000000000003
S2,baseline,175.0,0.5990000000000003
S2,baseline,176.0,0.5872000000000003
S2,baseline,177.0,0.5760000000000003
S2,baseline,178.0,0.5642000000000003
S2,baseline,179.0,0.5514000000000002
S2,baseline,180.0,0.5398000000000002
S2,baseline,181.0,0.5286000000000002
S2,baseline,182.0,0.5168000000000001
S2,baseline,183.0,0.5018000000000001
S2,baseline,184.0,0.49260000000000015
S2,baseline,185.0,0.4798000000000001
S2,baseline,186.0,0.46720000000000006
S2,baseline,187.0,0.45620000000000005
S2,baseline,188.0,0.446
S2,baseline,189.0,0.4372
S2,baseline,190.0,0.42879999999999996
S2,baseline,191.0,0.41839999999999994
S2,baseline,192.0,0.41039999999999993
S2,baseline,193.0,0.4005999999999999
S2,baseline,194.0,0.3907999999999999
S2,baseline,195.0,0.37959999999999994
S2,baseline,196.0,0.36699999999999994
S2,baseline,197.0,0.3585999999999999
S2,baseline,198.0,0.34979999999999994
S2,baseline,199.0,0.33959999999999996
S2,baseline,200.0,0.32919999999999994
S2,baseline,201.0,0.32119999999999993
S2,baseline,202.0,0.3103999999999999
S2,baseline,203.0,0.3015999999999999
S2,baseline,204.0,0.2915999999999999
S2,baseline,205.0,0.2829999999999999
S2,baseline,206.0,0.2751999999999999
S2,baseline,207.0,0.2659999999999999
S2,baseline,208.0,0.25819999999999993
S2,baseline,209.0,0.24839999999999993
S2,baseline,210.0,0.24219999999999992
S2,baseline,211.0,0.2361999999999999
S2,baseline,212.0,0.2299999999999999
S2,baseline,213.0,0.2219999999999999
S2,baseline,214.0,0.2187999999999999
S2,baseline,215.0,0.21139999999999992
S2,baseline,216.0,0.20359999999999995
S2,baseline,217.0,0.19779999999999995
S2,baseline,218.0,0.19039999999999996
S2,baseline,219.0,0.18499999999999997
S2,baseline,220.0,0.17959999999999995
S2,baseline,221.0,0.17199999999999996
S2,baseline,222.0,0.16719999999999996
S2,baseline,223.0,0.16259999999999997
S2,baseline,224.0,0.15779999999999997
S2,baseline,225.0,0.15259999999999996
S2,baseline,226.0,0.14759999999999995
S2,baseline,227.0,0.14319999999999994
S2,baseline,228.0,0.13859999999999995
S2,baseline,229.0,0.13499999999999995
S2,baseline,230.0,0.13059999999999994
S2,baseline,231.0,0.12719999999999992
S2,baseline,232.0,0.12379999999999992
S2,baseline,233.0,0.11979999999999993
S2,baseline,234.0,0.11639999999999993
S2,baseline,235.0,0.11099999999999993
S2,baseline,236.0,0.10619999999999993
S2,baseline,237.0,0.10419999999999993
S2,baseline,238.0,0.10199999999999992
S2,baseline,239.0,0.09859999999999992
S2,baseline,240.0,0.09439999999999993
S2,baseline,241.0,0.09039999999999992
S2,baseline,242.0,0.08739999999999992
S2,baseline,243.0,0.08439999999999992
S2,baseline,244.0,0.08219999999999993
S2,baseline,245.0,0.07839999999999993
S2,baseline,246.0,0.07599999999999993
S2,baseline,247.0,0.07339999999999994
S2,baseline,248.0,0.07099999999999994
S2,baseline,249.0,0.06879999999999994
S2,baseline,250.0,0.06639999999999995
S2,baseline,251.0,0.06359999999999995
S2,baseline,252.0,0.06059999999999995
S2,baseline,253.0,0.057999999999999954
S2,baseline,254.0,0.05599999999999996
S2,baseline,255.0,0.05459999999999996
S2,baseline,256.0,0.052799999999999965
S2,baseline,257.0,0.05059999999999997
S2,baseline,258.0,0.04979999999999997
S2,baseline,259.0,0.04879999999999997
S2,baseline,260.0,0.04659999999999997
S2,baseline,261.0,0.04519999999999997
S2,baseline,262.0,0.042999999999999976
S2,baseline,263.0,0.04019999999999998
S2,baseline,264.0,0.038399999999999976
S2,baseline,265.0,0.03779999999999998
S2,baseline,266.0,0.03579999999999998
S2,baseline,267.0,0.03439999999999998
S2,baseline,268.0,0.033799999999999976
S2,baseline,269.0,0.032999999999999974
S2,baseline,270.0,0.031599999999999975
S2,baseline,271.0,0.030399999999999976
S2,baseline,272.0,0.029399999999999975
S2,baseline,273.0,0.028399999999999974
S2,baseline,274.0,0.027399999999999976
S2,baseline,275.0,0.026599999999999978
S2,baseline,276.0,0.02579999999999998
S2,baseline,277.0,0.02519999999999998
S2,baseline,278.0,0.02439999999999998
S2,baseline,279.0,0.02379999999999998
S2,baseline,280.0,0.023599999999999982
S2,baseline,281.0,0.022399999999999982
S2,baseline,282.0,0.021599999999999984
S2,baseline,283.0,0.021199999999999986
S2,baseline,284.0,0.020399999999999988
S2,baseline,285.0,0.019999999999999987
S2,baseline,286.0,0.018999999999999986
S2,baseline,287.0,0.017599999999999987
S2,baseline,288.0,0.016999999999999987
S2,baseline,289.0,0.016599999999999986
S2,baseline,290.0,0.015599999999999987
S2,baseline,291.0,0.014999999999999987
S2,baseline,292.0,0.014599999999999988
S2,baseline,293.0,0.014199999999999989
S2,baseline,294.0,0.01379999999999999
S2,baseline,295.0,0.01339999999999999
S2,baseline,296.0,0.01299999999999999
S2,baseline,297.0,0.012599999999999991
S2,baseline,298.0,0.011999999999999992
S2,baseline,299.0,0.011399999999999992
S2,baseline,300.0,0.010599999999999993
S2,baseline,301.0,0.010399999999999993
S2,baseline,302.0,0.009999999999999993
S2,baseline,303.0,0.009399999999999993
S2,baseline,306.0,0.008599999999999993
S2,baseline,309.0,0.008399999999999993
S2,baseline,310.0,0.007799999999999994
S2,baseline,311.0,0.007399999999999993
S2,baseline,312.0,0.007199999999999994
S2,baseline,313.0,0.006999999999999994
S2,baseline,314.0,0.006399999999999994
S2,baseline,316.0,0.006199999999999995
S2,baseline,318.0,0.005999999999999995
S2,baseline,319.0,0.005799999999999995
S2,baseline,320.0,0.005599999999999996
S2,baseline,321.0,0.005199999999999996
S2,baseline,322.0,0.004999999999999997
S2,baseline,323.0,0.004799999999999997
S2,baseline,326.0,0.004599999999999997
S2,baseline,328.0,0.004199999999999998
S2,baseline,329.0,0.0039999999999999975
S2,baseline,333.0,0.0037999999999999974
S2,baseline,335.0,0.0033999999999999976
S2,baseline,337.0,0.002999999999999998
S2,baseline,345.0,0.0027999999999999982
S2,baseline,349.0,0.0023999999999999985
S2,baseline,351.0,0.0021999999999999984
S2,baseline,352.0,0.0019999999999999983
S2,baseline,353.0,0.0017999999999999984
S2,baseline,357.0,0.0015999999999999986
S2,baseline,364.0,0.0013999999999999987
S2,civil_package,0.0,1.0
S2,civil_package,154.0,0.9998
S2,civil_package,169.0,0.9996
S2,civil_package,174.0,0.9994000000000001
S2,civil_package,176.0,0.9992000000000001
S2,civil_package,178.0,0.999
S2,civil_package,179.0,0.9988
S2,civil_package,184.0,0.9986
S2,civil_package,186.0,0.9984000000000001
S2,civil_package,189.0,0.998
S2,civil_package,192.0,0.9978
S2,civil_package,194.0,0.9976
S2,civil_package,197.0,0.9974000000000001
S2,civil_package,198.0,0.9970000000000001
S2,civil_package,199.0,0.9966
S2,civil_package,200.0,0.9960000000000001
S2,civil_package,201.0,0.9958000000000001
S2,civil_package,202.0,0.9952000000000002
S2,civil_package,203.0,0.9948000000000002
S2,civil_package,204.0,0.9944000000000003
S2,civil_package,205.0,0.9942000000000003
S2,civil_package,206.0,0.9934000000000003
S2,civil_package,207.0,0.9928000000000002
S2,civil_package,208.0,0.9920000000000002
S2,civil_package,209.0,0.9914000000000002
S2,civil_package,210.0,0.9906000000000003
S2,civil_package,211.0,0.9898000000000002
S2,civil_package,212.0,0.9894000000000003
S2,civil_package,213.0,0.9888000000000002
S2,civil_package,214.0,0.9884000000000003
S2,civil_package,215.0,0.9872000000000003
S2,civil_package,216.0,0.9870000000000003
S2,civil_package,217.0,0.9862000000000003
S2,civil_package,218.0,0.9852000000000003
S2,civil_package,219.0,0.9838000000000003
S2,civil_package,220.0,0.9826000000000004
S2,civil_package,221.0,0.9816000000000004
S2,civil_package,222.0,0.9798000000000003
S2,civil_package,223.0,0.9786000000000004
S2,civil_package,224.0,0.9778000000000003
S2,civil_package,225.0,0.9770000000000003
S2,civil_package,226.0,0.9758000000000003
S2,civil_package,227.0,0.9740000000000003
S2,civil_package,228.0,0.9728000000000003
S2,civil_package,229.0,0.9718000000000003
S2,civil_package,230.0,0.9710000000000004
S2,civil_package,231.0,0.9702000000000004
S2,civil_package,232.0,0.9696000000000004
S2,civil_package,233.0,0.9686000000000003
S2,civil_package,234.0,0.9670000000000004
S2,civil_package,235.0,0.9660000000000004
S2,civil_package,236.0,0.9648000000000004
S2,civil_package,237.0,0.9626000000000005
S2,civil_package,238.0,0.9608000000000005
S2,civil_package,239.0,0.9588000000000005
S2,civil_package,240.0,0.9564000000000006
S2,civil_package,241.0,0.9548000000000005
S2,civil_package,242.0,0.9522000000000005
S2,civil_package,243.0,0.9498000000000005
S2,civil_package,244.0,0.9478000000000005
S2,civil_package,245.0,0.9444000000000005
S2,civil_package,246.0,0.9424000000000005
S2,civil_package,247.0,0.9414000000000005
S2,civil_package,248.0,0.9384000000000005
S2,civil_package,249.0,0.9360000000000004
S2,civil_package,250.0,0.9322000000000004
S2,civil_package,251.0,0.9296000000000004
S2,civil_package,252.0,0.9272000000000004
S2,civil_package,253.0,0.9258000000000003
S2,civil_package,254.0,0.9238000000000003
S2,civil_package,255.0,0.9202000000000002
S2,civil_package,256.0,0.9184000000000002
S2,civil_package,257.0,0.9166000000000002
S2,civil_package,258.0,0.9134000000000002
S2,civil_package,259.0,0.9092000000000002
S2,civil_package,260.0,0.9074000000000002
S2,civil_package,261.0,0.9038000000000003
S2,civil_package,262.0,0.9010000000000002
S2,civil_package,263.0,0.8976000000000003
S2,civil_package,264.0,0.8930000000000002
S2,civil_package,265.0,0.8888000000000001
S2,civil_package,266.0,0.8860000000000001
S2,civil_package,267.0,0.8840000000000001
S2,civil_package,268.0,0.8794000000000002
S2,civil_package,269.0,0.8764000000000002
S2,civil_package,270.0,0.8726000000000002
S2,civil_package,271.0,0.8684000000000002
S2,civil_package,272.0,0.8658000000000002
S2,civil_package,273.0,0.8606000000000003
S2,civil_package,274.0,0.8566000000000003
S2,civil_package,275.0,0.8520000000000002
S2,civil_package,276.0,0.8472000000000002
S2,civil_package,277.0,0.8434000000000003
S2,civil_package,278.0,0.8404000000000003
S2,civil_package,279.0,0.8356000000000002
S2,civil_package,280.0,0.8314000000000002
S2,civil_package,281.0,0.8270000000000003
S2,civil_package,282.0,0.8232000000000003
S2,civil_package,283.0,0.8188000000000003
S2,civil_package,284.0,0.8152000000000004
S2,civil_package,285.0,0.8106000000000003
S2,civil_package,286.0,0.8064000000000003
S2,civil_package,287.0,0.8036000000000003
S2,civil_package,288.0,0.8002000000000004
S2,civil_package,289.0,0.7952000000000004
S2,civil_package,290.0,0.7898000000000003
S2,civil_package,291.0,0.7854000000000002
S2,civil_package,292.0,0.7806000000000002
S2,civil_package,293.0,0.7746000000000002
S2,civil_package,294.0,0.7706000000000002
S2,civil_package,295.0,0.7660000000000001
S2,civil_package,296.0,0.7606000000000002
S2,civil_package,297.0,0.7576000000000002
S2,civil_package,298.0,0.7520000000000001
S2,civil_package,299.0,0.7472000000000002
S2,civil_package,300.0,0.7426000000000001
S2,civil_package,301.0,0.7380000000000001
S2,civil_package,302.0,0.7316000000000001
S2,civil_package,303.0,0.7254000000000002
S2,civil_package,304.0,0.7228000000000001
S2,civil_package,305.0,0.7186000000000001
S2,civil_package,306.0,0.7162000000000002
S2,civil_package,307.0,0.7120000000000002
S2,civil_package,308.0,0.7068000000000002
S2,civil_package,309.0,0.7026000000000002
S2,civil_package,310.0,0.6968000000000002
S2,civil_package,311.0,0.6934000000000001
S2,civil_package,312.0,0.6884000000000001
S2,civil_package,313.0,0.685
S2,civil_package,314.0,0.68
S2,civil_package,315.0,0.674
S2,civil_package,316.0,0.6694
S2,civil_package,317.0,0.665
S2,civil_package,318.0,0.6608
S2,civil_package,319.0,0.6574000000000001
S2,civil_package,320.0,0.6522000000000001
S2,civil_package,321.0,0.6480000000000001
S2,civil_package,322.0,0.6424000000000001
S2,civil_package,323.0,0.638
S2,civil_package,324.0,0.6342
S2,civil_package,325.0,0.631
S2,civil_package,326.0,0.6254
S2,civil_package,327.0,0.6212
S2,civil_package,328.0,0.617
S2,civil_package,329.0,0.6136
S2,civil_package,330.0,0.6078
S2,civil_package,331.0,0.6033999999999999
S2,civil_package,332.0,0.6002
S2,civil_package,333.0,0.596
S2,civil_package,334.0,0.5923999999999999
S2,civil_package,335.0,0.589
S2,civil_package,336.0,0.5841999999999999
S2,civil_package,337.0,0.5791999999999999
S2,civil_package,338.0,0.5755999999999999
S2,civil_package,339.0,0.5715999999999999
S2,civil_package,340.0,0.5681999999999999
S2,civil_package,341.0,0.563
S2,civil_package,342.0,0.5591999999999999
S2,civil_package,343.0,0.5551999999999999
S2,civil_package,344.0,0.5509999999999999
S2,civil_package,345.0,0.5453999999999999
S2,civil_package,346.0,0.5421999999999999
S2,civil_package,347.0,0.5373999999999999
S2,civil_package,348.0,0.5331999999999999
S2,civil_package,349.0,0.5299999999999999
S2,civil_package,350.0,0.5259999999999999
S2,civil_package,351.0,0.5236
S2,civil_package,352.0,0.5196
S2,civil_package,353.0,0.5161999999999999
S2,civil_package,354.0,0.5109999999999999
S2,civil_package,355.0,0.5074
S2,civil_package,356.0,0.502
S2,civil_package,357.0,0.499
S2,civil_package,358.0,0.4956
S2,civil_package,359.0,0.4918
S2,civil_package,360.0,0.48840000000000006
S2,civil_package,361.0,0.48580000000000007
S2,civil_package,362.0,0.48260000000000003
S2,civil_package,363.0,0.47840000000000005
S2,civil_package,364.0,0.4742
S2,full_package,0.0,1.0
S2,full_package,224.0,0.9996
S2,full_package,228.0,0.9994000000000001
S2,full_package,233.0,0.9992000000000001
S2,full_package,235.0,0.999
S2,full_package,236.0,0.9986
S2,full_package,237.0,0.9984000000000001
S2,full_package,239.0,0.9982000000000001
S2,full_package,240.0,0.9980000000000001
S2,full_package,241.0,0.9978000000000001
S2,full_package,242.0,0.9976000000000002
S2,full_package,243.0,0.9974000000000002
S2,full_package,245.0,0.9972000000000002
S2,full_package,247.0,0.9970000000000001
S2,full_package,253.0,0.9968000000000001
S2,full_package,256.0,0.9966000000000002
S2,full_package,257.0,0.9964000000000002
S2,full_package,258.0,0.9960000000000002
S2,full_package,260.0,0.9958000000000002
S2,full_package,261.0,0.9956000000000003
S2,full_package,262.0,0.9954000000000003
S2,full_package,265.0,0.9950000000000003
S2,full_package,266.0,0.9944000000000004
S2,full_package,267.0,0.9930000000000004
S2,full_package,268.0,0.9928000000000005
S2,full_package,269.0,0.9924000000000005
S2,full_package,270.0,0.9918000000000006
S2,full_package,271.0,0.9914000000000005
S2,full_package,272.0,0.9906000000000006
S2,full_package,273.0,0.9902000000000006
S2,full_package,275.0,0.9892000000000006
S2,full_package,276.0,0.9888000000000007
S2,full_package,277.0,0.9884000000000007
S2,full_package,278.0,0.9880000000000008
S2,full_package,279.0,0.9876000000000008
S2,full_package,280.0,0.9870000000000008
S2,full_package,281.0,0.9860000000000008
S2,full_package,282.0,0.9854000000000007
S2,full_package,283.0,0.9842000000000006
S2,full_package,284.0,0.9834000000000006
S2,full_package,285.0,0.9828000000000006
S2,full_package,286.0,0.9822000000000005
S2,full_package,287.0,0.9818000000000006
S2,full_package,288.0,0.9804000000000006
S2,full_package,289.0,0.9792000000000006
S2,full_package,290.0,0.9780000000000006
S2,full_package,291.0,0.9772000000000007
S2,full_package,292.0,0.9758000000000008
S2,full_package,293.0,0.9744000000000007
S2,full_package,294.0,0.9728000000000007
S2,full_package,295.0,0.9716000000000006
S2,full_package,296.0,0.9692000000000006
S2,full_package,297.0,0.9682000000000006
S2,full_package,298.0,0.9672000000000006
S2,full_package,299.0,0.9662000000000006
S2,full_package,300.0,0.9654000000000006
S2,full_package,301.0,0.9630000000000006
S2,full_package,302.0,0.9614000000000006
S2,full_package,303.0,0.9598000000000007
S2,full_package,304.0,0.9586000000000007
S2,full_package,305.0,0.9580000000000007
S2,full_package,306.0,0.9564000000000008
S2,full_package,307.0,0.9544000000000008
S2,full_package,308.0,0.9538000000000009
S2,full_package,309.0,0.9530000000000008
S2,full_package,310.0,0.9516000000000008
S2,full_package,311.0,0.9496000000000008
S2,full_package,312.0,0.9482000000000007
S2,full_package,313.0,0.9470000000000007
S2,full_package,314.0,0.9448000000000008
S2,full_package,315.0,0.9432000000000007
S2,full_package,316.0,0.9416000000000007
S2,full_package,317.0,0.9404000000000006
S2,full_package,318.0,0.9382000000000006
S2,full_package,319.0,0.9374000000000006
S2,full_package,320.0,0.9354000000000006
S2,full_package,321.0,0.9342000000000006
S2,full_package,322.0,0.9328000000000006
S2,full_package,323.0,0.9306000000000006
S2,full_package,324.0,0.9288000000000006
S2,full_package,325.0,0.9270000000000006
S2,full_package,326.0,0.9252000000000006
S2,full_package,327.0,0.9232000000000006
S2,full_package,328.0,0.9200000000000006
S2,full_package,329.0,0.9182000000000006
S2,full_package,330.0,0.9154000000000005
S2,full_package,331.0,0.9132000000000006
S2,full_package,332.0,0.9116000000000005
S2,full_package,333.0,0.9094000000000005
S2,full_package,334.0,0.9070000000000006
S2,full_package,335.0,0.9052000000000006
S2,full_package,336.0,0.9030000000000005
S2,full_package,337.0,0.9010000000000005
S2,full_package,338.0,0.8988000000000005
S2,full_package,339.0,0.8968000000000005
S2,full_package,340.0,0.8950000000000006
S2,full_package,341.0,0.8916000000000006
S2,full_package,342.0,0.8896000000000006
S2,full_package,343.0,0.8876000000000006
S2,full_package,344.0,0.8860000000000007
S2,full_package,345.0,0.8848000000000007
S2,full_package,346.0,0.8826000000000007
S2,full_package,347.0,0.8808000000000008
S2,full_package,348.0,0.8788000000000008
S2,full_package,349.0,0.8772000000000008
S2,full_package,350.0,0.8746000000000008
S2,full_package,351.0,0.8732000000000008
S2,full_package,352.0,0.8704000000000007
S2,full_package,353.0,0.8672000000000007
S2,full_package,354.0,0.8652000000000007
S2,full_package,355.0,0.8622000000000007
S2,full_package,356.0,0.8584000000000007
S2,full_package,357.0,0.8546000000000007
S2,full_package,358.0,0.8514000000000007
S2,full_package,359.0,0.8498000000000007
S2,full_package,360.0,0.8480000000000006
S2,full_package,361.0,0.8444000000000006
S2,full_package,362.0,0.8428000000000005
S2,full_package,363.0,0.8406000000000006
S2,full_package,364.0,0.8382000000000006
S3,baseline,0.0,1.0
S3,baseline,70.0,0.9996
S3,baseline,71.0,0.9994000000000001
S3,baseline,73.0,0.9986
S3,baseline,74.0,0.9978
S3,baseline,75.0,0.9974000000000001
S3,baseline,76.0,0.9956000000000002
S3,baseline,77.0,0.9942000000000002
S3,baseline,78.0,0.9934000000000002
S3,baseline,79.0,0.9924000000000002
S3,baseline,80.0,0.9890000000000002
S3,baseline,81.0,0.9862000000000002
S3,baseline,82.0,0.9840000000000001
S3,baseline,83.0,0.9812000000000002
S3,baseline,84.0,0.9758000000000001
S3,baseline,85.0,0.9700000000000001
S3,baseline,86.0,0.9672000000000002
S3,baseline,87.0,0.9620000000000002
S3,baseline,88.0,0.9556000000000002
S3,baseline,89.0,0.9492000000000003
S3,baseline,90.0,0.9420000000000003
S3,baseline,91.0,0.9362000000000003
S3,baseline,92.0,0.9292000000000002
S3,baseline,93.0,0.9204000000000002
S3,baseline,94.0,0.9098000000000003
S3,baseline,95.0,0.9012000000000002
S3,baseline,96.0,0.8894000000000003
S3,baseline,97.0,0.8766000000000003
S3,baseline,98.0,0.8664000000000003
S3,baseline,99.0,0.8546000000000002
S3,baseline,100.0,0.8394000000000003
S3,baseline,101.0,0.8252000000000003
S3,baseline,102.0,0.8096000000000002
S3,baseline,103.0,0.7916000000000002
S3,baseline,104.0,0.7750000000000001
S3,baseline,105.0,0.7554000000000002
S3,baseline,106.0,0.7374000000000002
S3,baseline,107.0,0.7182000000000002
S3,baseline,108.0,0.6956000000000002
S3,baseline,109.0,0.6728000000000002
S3,baseline,110.0,0.6488000000000002
S3,baseline,111.0,0.6294000000000002
S3,baseline,112.0,0.6120000000000002
S3,baseline,113.0,0.5888000000000002
S3,baseline,114.0,0.5664000000000001
S3,baseline,115.0,0.5398000000000002
S3,baseline,116.0,0.5200000000000001
S3,baseline,117.0,0.5006000000000002
S3,baseline,118.0,0.4792000000000001
S3,baseline,119.0,0.45240000000000014
S3,baseline,120.0,0.4274000000000001
S3,baseline,121.0,0.4034000000000001
S3,baseline,122.0,0.3828000000000001
S3,baseline,123.0,0.3584000000000001
S3,baseline,124.0,0.3386000000000001
S3,baseline,125.0,0.3128000000000001
S3,baseline,126.0,0.2906000000000001
S3,baseline,127.0,0.2714000000000001
S3,baseline,128.0,0.2528000000000001
S3,baseline,129.0,0.2340000000000001
S3,baseline,130.0,0.20880000000000007
S3,baseline,131.0,0.19340000000000007
S3,baseline,132.0,0.17880000000000007
S3,baseline,133.0,0.16500000000000006
S3,baseline,134.0,0.14700000000000005
S3,baseline,135.0,0.13440000000000005
S3,baseline,136.0,0.12060000000000004
S3,baseline,137.0,0.10900000000000004
S3,baseline,138.0,0.09900000000000003
S3,baseline,139.0,0.08780000000000002
S3,baseline,140.0,0.07540000000000002
S3,baseline,141.0,0.06360000000000002
S3,baseline,142.0,0.05640000000000002
S3,baseline,143.0,0.04760000000000002
S3,baseline,144.0,0.04300000000000002
S3,baseline,145.0,0.036400000000000016
S3,baseline,146.0,0.032000000000000015
S3,baseline,147.0,0.02740000000000001
S3,baseline,148.0,0.024400000000000012
S3,baseline,149.0,0.020600000000000007
S3,baseline,150.0,0.017600000000000008
S3,baseline,151.0,0.014000000000000005
S3,baseline,152.0,0.011800000000000005
S3,baseline,153.0,0.010000000000000004
S3,baseline,154.0,0.008400000000000003
S3,baseline,155.0,0.006800000000000002
S3,baseline,156.0,0.006000000000000002
S3,baseline,157.0,0.005000000000000002
S3,baseline,158.0,0.004400000000000002
S3,baseline,159.0,0.003600000000000001
S3,baseline,160.0,0.003400000000000001
S3,baseline,161.0,0.0024000000000000007
S3,baseline,163.0,0.0022000000000000006
S3,baseline,164.0,0.0016000000000000005
S3,baseline,165.0,0.0010000000000000002
S3,baseline,168.0,0.0008000000000000003
S3,baseline,169.0,0.0006000000000000002
S3,baseline,170.0,0.00040000000000000013
S3,baseline,174.0,0.00020000000000000006
S3,baseline,176.0,0.0
S3,civil_package,0.0,1.0
S3,civil_package,107.0,0.9998
S3,civil_package,114.0,0.9994
S3,civil_package,115.0,0.9984
S3,civil_package,116.0,0.9982
S3,civil_package,118.0,0.998
S3,civil_package,119.0,0.9978
S3,civil_package,120.0,0.9974000000000001
S3,civil_package,121.0,0.9966
S3,civil_package,122.0,0.9958
S3,civil_package,123.0,0.995
S3,civil_package,124.0,0.9937999999999999
S3,civil_package,125.0,0.9923999999999998
S3,civil_package,126.0,0.9909999999999998
S3,civil_package,127.0,0.9889999999999998
S3,civil_package,128.0,0.9875999999999997
S3,civil_package,129.0,0.9853999999999997
S3,civil_package,130.0,0.9831999999999997
S3,civil_package,131.0,0.9793999999999998
S3,civil_package,132.0,0.9771999999999998
S3,civil_package,133.0,0.9739999999999999
S3,civil_package,134.0,0.9707999999999999
S3,civil_package,135.0,0.9663999999999998
S3,civil_package,136.0,0.9621999999999998
S3,civil_package,137.0,0.9595999999999998
S3,civil_package,138.0,0.9563999999999997
S3,civil_package,139.0,0.9505999999999997
S3,civil_package,140.0,0.9465999999999997
S3,civil_package,141.0,0.9413999999999996
S3,civil_package,142.0,0.9373999999999996
S3,civil_package,143.0,0.9309999999999996
S3,civil_package,144.0,0.9273999999999996
S3,civil_package,145.0,0.9215999999999995
S3,civil_package,146.0,0.9141999999999996
S3,civil_package,147.0,0.9069999999999996
S3,civil_package,148.0,0.8981999999999996
S3,civil_package,149.0,0.8901999999999997
S3,civil_package,150.0,0.8781999999999996
S3,civil_package,151.0,0.8699999999999997
S3,civil_package,152.0,0.8609999999999997
S3,civil_package,153.0,0.8519999999999996
S3,civil_package,154.0,0.8415999999999997
S3,civil_package,155.0,0.8275999999999997
S3,civil_package,156.0,0.8187999999999996
S3,civil_package,157.0,0.8061999999999996
S3,civil_package,158.0,0.7937999999999996
S3,civil_package,159.0,0.7819999999999997
S3,civil_package,160.0,0.7685999999999997
S3,civil_package,161.0,0.7555999999999997
S3,civil_package,162.0,0.7431999999999997
S3,civil_package,163.0,0.7315999999999998
S3,civil_package,164.0,0.7181999999999997
S3,civil_package,165.0,0.7025999999999998
S3,civil_package,166.0,0.6861999999999998
S3,civil_package,167.0,0.6727999999999998
S3,civil_package,168.0,0.6553999999999999
S3,civil_package,169.0,0.6413999999999999
S3,civil_package,170.0,0.6259999999999999
S3,civil_package,171.0,0.6091999999999999
S3,civil_package,172.0,0.5943999999999999
S3,civil_package,173.0,0.579
S3,civil_package,174.0,0.5619999999999999
S3,civil_package,175.0,0.5459999999999999
S3,civil_package,176.0,0.5311999999999999
S3,civil_package,177.0,0.5149999999999999
S3,civil_package,178.0,0.5005999999999999
S3,civil_package,179.0,0.48339999999999994
S3,civil_package,180.0,0.46479999999999994
S3,civil_package,181.0,0.45059999999999995
S3,civil_package,182.0,0.4317999999999999
S3,civil_package,183.0,0.41819999999999996
S3,civil_package,184.0,0.40119999999999995
S3,civil_package,185.0,0.38619999999999993
S3,civil_package,186.0,0.36999999999999994
S3,civil_package,187.0,0.3539999999999999
S3,civil_package,188.0,0.33599999999999997
S3,civil_package,189.0,0.3182
S3,civil_package,190.0,0.3034
S3,civil_package,191.0,0.2914
S3,civil_package,192.0,0.2748
S3,civil_package,193.0,0.2598
S3,civil_package,194.0,0.24679999999999996
S3,civil_package,195.0,0.23399999999999996
S3,civil_package,196.0,0.21699999999999997
S3,civil_package,197.0,0.20599999999999996
S3,civil_package,198.0,0.19719999999999996
S3,civil_package,199.0,0.18679999999999997
S3,civil_package,200.0,0.17679999999999998
S3,civil_package,201.0,0.1616
S3,civil_package,202.0,0.15219999999999997
S3,civil_package,203.0,0.14339999999999997
S3,civil_package,204.0,0.13499999999999998
S3,civil_package,205.0,0.12679999999999997
S3,civil_package,206.0,0.11859999999999997
S3,civil_package,207.0,0.10999999999999996
S3,civil_package,208.0,0.10139999999999996
S3,civil_package,209.0,0.09599999999999996
S3,civil_package,210.0,0.09019999999999996
S3,civil_package,211.0,0.08499999999999996
S3,civil_package,212.0,0.07999999999999996
S3,civil_package,213.0,0.07539999999999997
S3,civil_package,214.0,0.07139999999999998
S3,civil_package,215.0,0.06739999999999997
S3,civil_package,216.0,0.06299999999999997
S3,civil_package,217.0,0.05719999999999997
S3,civil_package,218.0,0.052399999999999974
S3,civil_package,219.0,0.04699999999999998
S3,civil_package,220.0,0.04179999999999998
S3,civil_package,221.0,0.03979999999999998
S3,civil_package,222.0,0.036999999999999984
S3,civil_package,223.0,0.033199999999999986
S3,civil_package,224.0,0.02919999999999999
S3,civil_package,225.0,0.026999999999999993
S3,civil_package,226.0,0.023999999999999994
S3,civil_package,227.0,0.022599999999999995
S3,civil_package,228.0,0.020599999999999993
S3,civil_package,229.0,0.018199999999999994
S3,civil_package,230.0,0.016399999999999994
S3,civil_package,231.0,0.015599999999999994
S3,civil_package,232.0,0.015199999999999995
S3,civil_package,233.0,0.014399999999999996
S3,civil_package,234.0,0.013199999999999996
S3,civil_package,235.0,0.012199999999999996
S3,civil_package,236.0,0.010799999999999995
S3,civil_package,237.0,0.009399999999999995
S3,civil_package,238.0,0.008199999999999995
S3,civil_package,239.0,0.0075999999999999965
S3,civil_package,240.0,0.006799999999999997
S3,civil_package,241.0,0.006599999999999997
S3,civil_package,242.0,0.0059999999999999975
S3,civil_package,243.0,0.005599999999999998
S3,civil_package,244.0,0.004799999999999999
S3,civil_package,247.0,0.004599999999999999
S3,civil_package,248.0,0.004399999999999999
S3,civil_package,249.0,0.0042
S3,civil_package,250.0,0.0038
S3,civil_package,251.0,0.003
S3,civil_package,252.0,0.0028
S3,civil_package,254.0,0.0024000000000000002
S3,civil_package,255.0,0.0022
S3,civil_package,256.0,0.002
S3,civil_package,260.0,0.0018000000000000002
S3,civil_package,263.0,0.0016
S3,civil_package,267.0,0.0012000000000000001
S3,civil_package,270.0,0.0010000000000000002
S3,civil_package,271.0,0.0008000000000000003
S3,civil_package,275.0,0.00040000000000000013
S3,civil_package,284.0,0.00020000000000000006
S3,civil_package,290.0,0.0
S3,full_package,0.0,1.0
S3,full_package,180.0,0.9998
S3,full_package,183.0,0.9996
S3,full_package,190.0,0.9992
S3,full_package,192.0,0.9989999999999999
S3,full_package,198.0,0.9987999999999999
S3,full_package,199.0,0.9985999999999999
S3,full_package,200.0,0.9982
S3,full_package,206.0,0.9974
S3,full_package,207.0,0.9972
S3,full_package,210.0,0.9962
S3,full_package,211.0,0.9957999999999999
S3,full_package,212.0,0.9955999999999999
S3,full_package,213.0,0.9954
S3,full_package,214.0,0.9948
S3,full_package,215.0,0.9945999999999999
S3,full_package,216.0,0.9937999999999999
S3,full_package,217.0,0.9927999999999999
S3,full_package,218.0,0.9924
S3,full_package,219.0,0.9918
S3,full_package,220.0,0.9914
S3,full_package,221.0,0.9909999999999999
S3,full_package,222.0,0.9894
S3,full_package,223.0,0.989
S3,full_package,224.0,0.9888
S3,full_package,225.0,0.9878
S3,full_package,226.0,0.9860000000000001
S3,full_package,227.0,0.9838000000000001
S3,full_package,228.0,0.9830000000000002
S3,full_package,229.0,0.9824000000000002
S3,full_package,230.0,0.9814000000000002
S3,full_package,231.0,0.9796000000000001
S3,full_package,232.0,0.9788000000000001
S3,full_package,233.0,0.9770000000000002
S3,full_package,234.0,0.9764000000000002
S3,full_package,235.0,0.9748000000000001
S3,full_package,236.0,0.9738000000000001
S3,full_package,237.0,0.9722000000000001
S3,full_package,238.0,0.9706000000000001
S3,full_package,239.0,0.9684000000000001
S3,full_package,240.0,0.9668000000000001
S3,full_package,241.0,0.9656000000000001
S3,full_package,242.0,0.9636000000000001
S3,full_package,243.0,0.9606000000000001
S3,full_package,244.0,0.9586000000000001
S3,full_package,245.0,0.9560000000000002
S3,full_package,246.0,0.9530000000000002
S3,full_package,247.0,0.9514000000000001
S3,full_package,248.0,0.9490000000000002
S3,full_package,249.0,0.9478000000000002
S3,full_package,250.0,0.9450000000000002
S3,full_package,251.0,0.9412000000000001
S3,full_package,252.0,0.9364000000000001
S3,full_package,253.0,0.9336000000000001
S3,full_package,254.0,0.9296000000000001
S3,full_package,255.0,0.9260000000000002
S3,full_package,256.0,0.9220000000000002
S3,full_package,257.0,0.9184000000000002
S3,full_package,258.0,0.9146000000000002
S3,full_package,259.0,0.9122000000000001
S3,full_package,260.0,0.9104000000000001
S3,full_package,261.0,0.9062000000000001
S3,full_package,262.0,0.9012000000000001
S3,full_package,263.0,0.8984000000000001
S3,full_package,264.0,0.8952000000000001
S3,full_package,265.0,0.8912000000000001
S3,full_package,266.0,0.8876000000000001
S3,full_package,267.0,0.8836
S3,full_package,268.0,0.8794000000000001
S3,full_package,269.0,0.876
S3,full_package,270.0,0.8716
S3,full_package,271.0,0.8678
S3,full_package,272.0,0.8638
S3,full_package,273.0,0.8595999999999999
S3,full_package,274.0,0.8569999999999999
S3,full_package,275.0,0.8533999999999998
S3,full_package,276.0,0.8491999999999998
S3,full_package,277.0,0.8443999999999998
S3,full_package,278.0,0.8395999999999998
S3,full_package,279.0,0.8347999999999998
S3,full_package,280.0,0.8307999999999998
S3,full_package,281.0,0.8241999999999998
S3,full_package,282.0,0.8185999999999998
S3,full_package,283.0,0.8129999999999997
S3,full_package,284.0,0.8075999999999998
S3,full_package,285.0,0.8011999999999998
S3,full_package,286.0,0.7961999999999998
S3,full_package,287.0,0.7931999999999998
S3,full_package,288.0,0.7887999999999997
S3,full_package,289.0,0.7845999999999997
S3,full_package,290.0,0.7779999999999998
S3,full_package,291.0,0.7733999999999999
S3,full_package,292.0,0.7683999999999999
S3,full_package,293.0,0.7627999999999999
S3,full_package,294.0,0.7557999999999999
S3,full_package,295.0,0.7527999999999999
S3,full_package,296.0,0.7464
S3,full_package,297.0,0.7425999999999999
S3,full_package,298.0,0.7382
S3,full_package,299.0,0.7323999999999999
S3,full_package,300.0,0.7262
S3,full_package,301.0,0.7212
S3,full_package,302.0,0.7165999999999999
S3,full_package,303.0,0.7123999999999999
S3,full_package,304.0,0.7071999999999999
S3,full_package,305.0,0.7023999999999999
S3,full_package,306.0,0.6975999999999999
S3,full_package,307.0,0.6905999999999999
S3,full_package,308.0,0.6855999999999999
S3,full_package,309.0,0.6803999999999999
S3,full_package,310.0,0.6749999999999999
S3,full_package,311.0,0.6709999999999999
S3,full_package,312.0,0.6679999999999999
S3,full_package,313.0,0.6633999999999999
S3,full_package,314.0,0.6585999999999999
S3,full_package,315.0,0.6547999999999998
S3,full_package,316.0,0.6483999999999999
S3,full_package,317.0,0.6443999999999999
S3,full_package,318.0,0.6397999999999999
S3,full_package,319.0,0.6339999999999999
S3,full_package,320.0,0.6293999999999998
S3,full_package,321.0,0.6265999999999998
S3,full_package,322.0,0.6241999999999999
S3,full_package,323.0,0.6199999999999999
S3,full_package,324.0,0.6157999999999999
S3,full_package,325.0,0.6132
S3,full_package,326.0,0.6088
S3,full_package,327.0,0.6038
S3,full_package,328.0,0.5986
S3,full_package,329.0,0.5946
S3,full_package,330.0,0.5902000000000001
S3,full_package,331.0,0.5858000000000001
S3,full_package,332.0,0.5826000000000001
S3,full_package,333.0,0.5782
S3,full_package,334.0,0.5750000000000001
S3,full_package,335.0,0.5708000000000001
S3,full_package,336.0,0.5664000000000001
S3,full_package,337.0,0.562
S3,full_package,338.0,0.5576000000000001
S3,full_package,339.0,0.5522000000000001
S3,full_package,340.0,0.5480000000000002
S3,full_package,341.0,0.5428000000000002
S3,full_package,342.0,0.5390000000000001
S3,full_package,343.0,0.5346000000000002
S3,full_package,344.0,0.5278000000000002
S3,full_package,345.0,0.5254000000000002
S3,full_package,346.0,0.5214000000000002
S3,full_package,347.0,0.5168000000000003
S3,full_package,348.0,0.5124000000000003
S3,full_package,349.0,0.5092000000000003
S3,full_package,350.0,0.5054000000000003
S3,full_package,351.0,0.5018000000000002
S3,full_package,352.0,0.4960000000000003
S3,full_package,353.0,0.49260000000000026
S3,full_package,354.0,0.4884000000000003
S3,full_package,355.0,0.4844000000000003
S3,full_package,356.0,0.48060000000000025
S3,full_package,357.0,0.4778000000000003
S3,full_package,358.0,0.47340000000000027
S3,full_package,359.0,0.46960000000000024
S3,full_package,360.0,0.46660000000000024
S3,full_package,361.0,0.4614000000000002
S3,full_package,362.0,0.4574000000000002
S3,full_package,363.0,0.4518000000000002
S3,full_package,364.0,0.4476000000000002
