scenario,lever,month,onset_doy,median,rmst,q25,q75,p_gt_180
S2,baseline,1,14,204.0,193.255,137.0,227.0,0.6425
S2,rationing,1,14,249.0,253.868,224.0,280.0,0.9365
S2,civil_package,1,14,inf,335.8085,313.0,365.0,0.9995
S2,baseline,2,45,201.0,202.3205,182.0,221.0,0.7655
S2,rationing,2,45,238.0,252.945,217.0,291.0,0.977
S2,civil_package,2,45,358.0,333.506,308.0,365.0,1.0
S2,baseline,3,73,192.0,199.4785,178.0,210.0,0.712
S2,rationing,3,73,247.0,251.7665,210.0,285.0,0.97
S2,civil_package,3,73,356.0,334.681,309.0,365.0,1.0
S2,baseline,4,104,191.0,198.393,170.0,226.0,0.5955
S2,rationing,4,104,249.0,250.2265,217.75,280.0,0.9205
S2,civil_package,4,104,352.0,331.2385,301.0,365.0,0.999
S2,baseline,5,134,202.0,200.0955,173.0,223.0,0.6945
S2,rationing,5,134,244.0,248.002,219.0,272.0,0.965
S2,civil_package,5,134,349.0,329.499,298.0,365.0,0.9995
S2,baseline,6,165,195.0,197.328,178.0,213.0,0.7225
S2,rationing,6,165,234.0,240.004,212.0,261.0,0.975
S2,civil_package,6,165,338.0,326.3615,294.75,365.0,1.0
S2,baseline,7,195,188.0,191.9425,173.0,208.0,0.621
S2,rationing,7,195,229.0,234.9655,206.0,255.25,0.947
S2,civil_package,7,195,348.0,324.4915,286.0,365.0,1.0
S2,baseline,8,226,183.0,186.0305,167.0,201.0,0.534
S2,rationing,8,226,222.0,230.1425,200.0,249.0,0.926
S2,civil_package,8,226,inf,326.9495,281.0,365.0,0.9995
S2,baseline,9,257,176.0,179.762,162.0,194.0,0.439
S2,rationing,9,257,214.0,226.9195,193.0,240.0,0.8755
S2,civil_package,9,257,363.0,327.506,288.0,365.0,1.0
S2,baseline,10,287,171.0,175.766,156.0,190.0,0.361
S2,rationing,10,287,208.0,231.6245,188.0,293.0,0.8285
S2,civil_package,10,287,inf,331.88,310.0,365.0,0.999
S2,baseline,11,318,164.0,173.774,149.0,182.0,0.2635
S2,rationing,11,318,199.0,236.677,179.75,292.0,0.7395
S2,civil_package,11,318,inf,335.848,311.75,365.0,0.9985
S2,baseline,12,348,157.0,177.8655,142.0,232.0,0.284
S2,rationing,12,348,252.0,246.9515,178.0,288.0,0.7465
S2,civil_package,12,348,inf,334.9325,307.0,365.0,0.9965
S3,baseline,1,14,103.0,103.7035,96.0,111.0,0.0
S3,rationing,1,14,119.0,119.5865,110.0,128.0,0.006
S3,civil_package,1,14,172.0,172.098,140.0,198.25,0.397
S3,baseline,2,45,98.0,100.9765,91.0,106.0,0.0
S3,rationing,2,45,123.0,128.299,104.0,149.0,0.032
S3,civil_package,2,45,184.0,184.36,170.0,201.0,0.562
S3,baseline,3,73,116.0,115.376,95.0,137.0,0.0
S3,rationing,3,73,149.0,145.582,136.0,159.0,0.0135
S3,civil_package,3,73,185.0,185.6765,171.0,198.0,0.581
S3,baseline,4,104,127.0,127.286,120.0,135.0,0.0
S3,rationing,4,104,143.0,143.202,134.0,153.25,0.0045
S3,civil_package,4,104,180.0,183.095,167.0,197.0,0.496
S3,baseline,5,134,124.0,124.7415,117.0,132.0,0.0005
S3,rationing,5,134,142.0,142.7085,133.0,152.0,0.0165
S3,civil_package,5,134,187.0,186.6955,170.0,202.0,0.6105
S3,baseline,6,165,121.0,123.005,112.0,133.0,0.0
S3,rationing,6,165,144.0,144.7235,131.0,158.0,0.0185
S3,civil_package,6,165,188.0,188.133,174.0,202.0,0.638
S3,baseline,7,195,125.0,125.656,115.0,136.0,0.0
S3,rationing,7,195,147.0,145.9485,136.0,157.0,0.01
S3,civil_package,7,195,186.0,186.157,172.0,199.0,0.5965
S3,baseline,8,226,125.0,125.5635,117.0,133.25,0.0
S3,rationing,8,226,143.0,143.0145,134.0,152.0,0.006
S3,civil_package,8,226,181.0,182.1235,169.0,195.0,0.5135
S3,baseline,9,257,121.0,121.8465,114.0,130.0,0.0
S3,rationing,9,257,139.0,138.8375,130.0,148.0,0.001
S3,civil_package,9,257,177.0,177.0835,163.0,190.0,0.427
S3,baseline,10,287,118.0,118.264,110.0,126.0,0.0
S3,rationing,10,287,135.0,134.998,126.0,144.0,0.001
S3,civil_package,10,287,172.0,172.5135,159.0,185.0,0.3235
S3,baseline,11,318,113.0,113.0265,105.0,121.0,0.0
S3,rationing,11,318,129.0,129.1265,119.0,138.0,0.0
S3,civil_package,11,318,165.0,166.58,152.0,179.0,0.227
S3,baseline,12,348,108.0,108.073,100.0,116.0,0.0
S3,rationing,12,348,123.0,123.7765,115.0,133.0,0.0
S3,civil_package,12,348,159.0,164.403,146.0,175.25,0.223
