scenario,lever,mean_gain,median_gain,q05,q25,q75,q95,p_positive
S1,rationing,3.8574,0.0,0.0,0.0,0.0,31.0,0.0792
S1,feed2food,3.9746,0.0,0.0,0.0,0.0,31.050000000000182,0.0792
S1,surge,1.5342,0.0,0.0,0.0,0.0,12.0,0.079
S1,rice_plus3,2.2734,0.0,0.0,0.0,0.0,24.0,0.079
S1,dispersed,0.0,0.0,0.0,0.0,0.0,0.0,0.0
S1,convoy,0.133,0.0,0.0,0.0,0.0,0.0,0.0072
S1,civil_package,4.063,0.0,0.0,0.0,0.0,31.050000000000182,0.0792
S1,full_package,4.063,0.0,0.0,0.0,0.0,31.050000000000182,0.0792
S2,rationing,52.7586,44.0,18.0,31.0,66.0,116.0,0.9986
S2,feed2food,72.1882,64.0,30.0,45.0,94.0,138.0,0.9986
S2,surge,12.3986,11.0,0.0,4.0,16.0,28.0,0.816
S2,rice_plus3,23.5314,19.0,14.0,18.0,22.0,66.05000000000018,0.9982
S2,dispersed,4.8916,4.0,0.0,2.0,6.0,10.0,0.9194
S2,convoy,28.7238,21.0,0.0,3.0,44.0,93.0,0.7836
S2,civil_package,141.765,143.0,81.0,116.0,168.0,199.0,0.9986
S2,full_package,169.7932,173.0,103.0,147.0,196.0,225.0,0.9986
S3,rationing,19.494,18.0,7.0,14.0,24.0,39.05000000000018,0.977
S3,feed2food,21.6532,20.0,12.0,16.0,25.0,40.0,1.0
S3,surge,0.1764,0.0,0.0,0.0,0.0,0.0,0.042
S3,rice_plus3,15.8942,14.0,12.0,13.0,16.0,30.0,1.0
S3,dispersed,7.6888,7.0,2.0,4.0,10.0,15.0,1.0
S3,convoy,54.1122,49.0,23.0,35.0,68.0,105.0,1.0
S3,civil_package,61.5182,59.0,36.0,48.0,72.0,96.0,1.0
S3,full_package,212.2296,224.0,134.0,179.0,246.0,267.0,1.0
