phi,lever,median,rmst,q25,q75,p_survive_year
0.0,baseline,117.0,116.156,106.75,126.0,0.0
0.0,rationing,135.0,133.428,123.0,145.0,0.0
0.0,civil_package,162.0,162.309,150.0,175.0,0.0
0.05,baseline,124.0,123.181,113.0,134.0,0.0
0.05,rationing,144.0,143.212,132.0,155.0,0.0
0.05,civil_package,179.0,178.793,165.0,193.0,0.0
0.1,baseline,130.0,130.622,120.0,143.0,0.0
0.1,rationing,155.0,154.539,142.0,168.0,0.0
0.1,civil_package,199.0,198.601,183.0,214.0,0.0
0.15,baseline,140.0,139.625,129.0,152.0,0.0
0.15,rationing,166.0,165.985,153.0,180.0,0.0
0.15,civil_package,222.0,221.303,206.0,237.0,0.0
0.2,baseline,150.0,149.042,136.0,163.0,0.0
0.2,rationing,181.0,180.474,165.0,195.0,0.0
0.2,civil_package,246.0,246.773,228.75,265.0,0.0
0.25,baseline,161.0,161.179,148.0,174.0,0.0
0.25,rationing,197.0,196.552,181.0,213.0,0.0
0.25,civil_package,275.0,276.321,254.0,296.0,0.006
0.3,baseline,174.0,173.771,159.0,189.0,0.0
0.3,rationing,216.0,216.251,199.0,234.0,0.0
0.3,civil_package,315.0,314.389,289.0,343.0,0.115
0.35,baseline,191.0,189.624,173.0,207.0,0.0
0.35,rationing,240.0,240.48,220.0,261.0,0.0
0.35,civil_package,inf,348.872,338.0,365.0,0.523
0.4,baseline,208.0,207.565,189.0,227.0,0.0
0.4,rationing,268.0,269.172,245.0,293.0,0.004
0.4,civil_package,inf,362.327,365.0,365.0,0.895
0.45,baseline,230.0,230.147,210.0,251.0,0.0
0.45,rationing,311.0,308.792,283.0,337.0,0.096
0.45,civil_package,inf,364.854,365.0,365.0,0.991
0.5,baseline,260.0,259.493,235.0,282.0,0.001
0.5,rationing,359.0,342.762,324.0,365.0,0.453
0.5,civil_package,inf,365.0,365.0,365.0,1.0
0.55,baseline,294.0,294.724,264.0,328.0,0.065
0.55,rationing,inf,361.309,365.0,365.0,0.867
0.55,civil_package,inf,365.0,365.0,365.0,1.0
0.6,baseline,342.0,332.894,309.0,365.0,0.359
0.6,rationing,inf,364.703,365.0,365.0,0.985
0.6,civil_package,inf,365.0,365.0,365.0,1.0
0.65,baseline,inf,355.596,364.0,365.0,0.745
0.65,rationing,inf,365.0,365.0,365.0,1.0
0.65,civil_package,inf,365.0,365.0,365.0,1.0
0.7,baseline,inf,363.88,365.0,365.0,0.956
0.7,rationing,inf,365.0,365.0,365.0,1.0
0.7,civil_package,inf,365.0,365.0,365.0,1.0
0.75,baseline,inf,365.0,365.0,365.0,1.0
0.75,rationing,inf,365.0,365.0,365.0,1.0
0.75,civil_package,inf,365.0,365.0,365.0,1.0
0.8,baseline,inf,365.0,365.0,365.0,1.0
0.8,rationing,inf,365.0,365.0,365.0,1.0
0.8,civil_package,inf,365.0,365.0,365.0,1.0
0.85,baseline,inf,365.0,365.0,365.0,1.0
0.85,rationing,inf,365.0,365.0,365.0,1.0
0.85,civil_package,inf,365.0,365.0,365.0,1.0
0.9,baseline,inf,365.0,365.0,365.0,1.0
0.9,rationing,inf,365.0,365.0,365.0,1.0
0.9,civil_package,inf,365.0,365.0,365.0,1.0
0.95,baseline,inf,365.0,365.0,365.0,1.0
0.95,rationing,inf,365.0,365.0,365.0,1.0
0.95,civil_package,inf,365.0,365.0,365.0,1.0
1.0,baseline,inf,365.0,365.0,365.0,1.0
1.0,rationing,inf,365.0,365.0,365.0,1.0
1.0,civil_package,inf,365.0,365.0,365.0,1.0
