scenario,lever,parameter,S1,S1_conf,ST,ST_conf
S2,baseline,phi,0.4937309860702116,0.05752164712629526,0.612437944464551,0.05857513705281436
S2,baseline,m_imp,0.10240280258515995,0.033411461727399686,0.18843948492608972,0.03183528984013841
S2,baseline,onset_doy,0.08547528859566113,0.044276212939409906,0.17965613835637959,0.016239485440912582
S2,baseline,beta,0.09639311446316724,0.03266852606965056,0.142406692030469,0.030728897092582943
S2,baseline,rice_trough,0.02482164531130728,0.016347778231580817,0.05217313897516686,0.01482781664718491
S2,baseline,d_house,0.01745524184303727,0.013715328839824422,0.03762135990994108,0.012102984471928197
S2,baseline,lam_s,0.015730098103163066,0.012466652197060432,0.028933820693520768,0.010580666656512508
S2,baseline,m_frz,0.005164022305318623,0.007891102946424483,0.017073322989408193,0.008426123431435407
S2,baseline,lam_c,0.008385058896020056,0.008784964746107245,0.01636608366886339,0.008655081116156177
S2,baseline,d_fert,0.004262232801656515,0.010289898254644119,0.016280460561789424,0.007820432268925051
S2,baseline,d_feed,0.0050715563978039405,0.008359201344786186,0.016174091767979484,0.007686506988551499
S2,baseline,r_die,0.0016604100641947018,0.006844870580097392,0.015140202179919042,0.008640218107259241
S2,baseline,eps_distress,0.0002530848974850812,0.007142244178984354,0.015071930010842451,0.007863856737649737
S2,baseline,a_h,0.0056688997417705675,0.007348384416755709,0.01385283801937534,0.005111043023769648
S2,baseline,f_s,0.0009935048361135726,0.006902356900456911,0.010484492882060584,0.006741040529972912
S2,baseline,p_min,0.004388949676763345,0.005817679109061984,0.009781779893167258,0.0065956957405012865
S2,baseline,a_o,0.0012512204610542518,0.006495576298561212,0.008968548973116797,0.005126662772853591
S2,baseline,panic,0.005159638981617981,0.006034440755797154,0.00847027529714896,0.005258289282870279
S2,baseline,r0,0.0012711213174866765,0.004216599863186618,0.008093835381466973,0.006081095885558029
S2,baseline,w,-0.0011708497326646434,0.004774614954147901,0.007643842576448327,0.005630534961059808
S2,baseline,t_s,0.0008134284010298568,0.0034947341890794485,0.007017700031325988,0.0055268935853677705
S2,baseline,s_mil,0.002693517658778474,0.005443585887299246,0.006932831312860611,0.005616229760460275
S2,baseline,B_live,0.0031293863051997397,0.0070447718862182065,0.00656695283769876,0.005281481754046491
S2,baseline,m_mil,0.0037036243312414344,0.0044424855510725334,0.006155811046022043,0.0045188113115325
S2,baseline,m_civ,0.0009468712000794057,0.004591726004077948,0.005947222595749359,0.0043379276082665735
S2,baseline,D_gas,0.004661593468335357,0.00584627677729364,0.005694502411874681,0.004881796915413775
S2,baseline,a_c,-0.0008959571627334547,0.003780044004955772,0.005617554773799404,0.0044053972059533665
S2,baseline,D_coal,0.003867769333915021,0.006489622674820079,0.005397273300093714,0.0034687807105024324
S2,baseline,a_e,-8.564997523441843e-05,0.00507894342724931,0.005393124162746518,0.002897383603845252
S2,baseline,a_f,0.0009205470331953969,0.004498530845040878,0.0050808072787939295,0.0032682519060755755
S2,baseline,D_oil,0.0022021344959040536,0.003254159095788903,0.004247585060616068,0.0026848025888442134
S2,baseline,pi_o,0.004607450744816749,0.005699148246314246,0.003594284525584807,0.002628733494465397
S3,baseline,onset_doy,0.3054627390258845,0.057745607595129325,0.3752435871206322,0.033808088385237606
S3,baseline,m_imp,0.2850931081464339,0.04646145035333097,0.31427331876438674,0.03529113381216563
S3,baseline,beta,0.07254958246091696,0.025376606777775323,0.09342680391366166,0.012222782364922814
S3,baseline,lam_s,0.08062686071778168,0.02786259256034674,0.09194549952530995,0.011047262689928311
S3,baseline,rice_trough,0.05593332291815086,0.023574962602485976,0.06260759613122661,0.008228356408003103
S3,baseline,phi,0.06325931938149434,0.022096317749023386,0.06128231512950427,0.0085662207668667
S3,baseline,d_house,0.042566571795271145,0.02248500889027628,0.04803134068153532,0.005259523553477626
S3,baseline,a_h,0.010987302529608807,0.011035981610205836,0.013869561286723007,0.002305788743094031
S3,baseline,m_frz,0.010800138575609153,0.010466494252957348,0.01308393764581281,0.0022675018931154834
S3,baseline,d_feed,0.002172555643993949,0.007032979013299169,0.00802327321125811,0.0015505288017226453
S3,baseline,lam_c,0.007346291482044397,0.008535486664834765,0.006918260520071336,0.0011480194266358166
S3,baseline,eps_distress,0.0042977222210866025,0.00506131417742388,0.0045118292274702425,0.000565080456465752
S3,baseline,t_s,-0.0018695829601057513,0.006139322459039497,0.003873051126917091,0.0007254481230010821
S3,baseline,r_die,0.0009704256491780036,0.002936256816585276,0.001152737491802812,0.0001459462874608658
S3,baseline,panic,0.0008618157924593095,0.003023607652254762,0.000989371828155598,0.00012693584069677592
S3,baseline,B_live,-0.0008530926207403741,0.0030985658701914672,0.0009471537353029476,0.00016334042310954576
S3,baseline,d_fert,0.00046131077733476994,0.002895498441790012,0.000886579949905666,0.00014503102306288144
S3,baseline,a_e,-0.0006845635750129378,0.002490350151898877,0.0008645531188521089,0.00013420127939985015
S3,baseline,f_s,0.0010373361975530117,0.002443843718046599,0.0007195431477495259,8.710065918075545e-05
S3,baseline,D_coal,0.0009105781620932658,0.002428382004453312,0.0006626405008611705,0.00010295969036458728
S3,baseline,a_f,0.00040846224158471686,0.002084210071455805,0.00044971446734345385,8.734711649349914e-05
S3,baseline,w,0.0010933050323252399,0.001841553435184998,0.00036894942014707835,0.00012648038995173623
S3,baseline,D_gas,0.0009107856758968511,0.0015875940854978426,0.0003652782816381523,0.0001039273986340801
S3,baseline,m_mil,0.0011658977472894297,0.0017750677447521028,0.00034325145058459533,0.00010806917840435753
S3,baseline,D_oil,0.0010843667548342977,0.0017686757323133165,0.00031755348102211227,7.39367697232788e-05
S3,baseline,p_min,0.0005933359517765304,0.0016376229688602187,0.00031204677325872296,5.63598635947737e-05
S3,baseline,m_civ,0.00131031723195905,0.001430624045873203,0.00030654006549533377,4.969548480057119e-05
S3,baseline,a_o,0.0007920641607897124,0.001866096463948663,0.00030286892698640764,7.415186233441297e-05
S3,baseline,pi_o,0.0006776363256022519,0.0015577592160322421,0.00029919778847748146,6.972695769619302e-05
S3,baseline,a_c,1.1635956937529593e-05,0.0017823526509396107,0.00029736221922301844,6.260443242929109e-05
S3,baseline,s_mil,0.0012098797074725394,0.0014301155612858186,0.00028634880369624,5.7487651987936235e-05
S3,baseline,r0,0.0003371222014104553,0.0012904384778343343,0.0002753353881694615,5.606048377468707e-05
