scenario,lever,median,rmst,p_gt_90,p_gt_180,p_gt_270,p_survive_year,q10,q25,q75,q90,share_protein_events,n
S1,baseline,inf,360.937,1.0,1.0,0.9888,0.9208,365.0,365.0,365.0,365.0,0.0,5000
S1,rationing,inf,364.7944,1.0,1.0,1.0,0.9948,365.0,365.0,365.0,365.0,0.0,5000
S1,feed2food,inf,364.9116,1.0,1.0,1.0,0.9982,365.0,365.0,365.0,365.0,0.0,5000
S1,surge,inf,362.4712,1.0,1.0,0.9954,0.9446,365.0,365.0,365.0,365.0,0.0,5000
S1,rice_plus3,inf,363.2104,1.0,1.0,0.9968,0.9566,365.0,365.0,365.0,365.0,0.0,5000
S1,dispersed,inf,360.937,1.0,1.0,0.9888,0.9208,365.0,365.0,365.0,365.0,0.0,5000
S1,convoy,inf,361.07,1.0,1.0,0.9898,0.9212,365.0,365.0,365.0,365.0,0.0,5000
S1,civil_package,inf,365.0,1.0,1.0,1.0,1.0,365.0,365.0,365.0,365.0,0.0,5000
S1,full_package,inf,365.0,1.0,1.0,1.0,1.0,365.0,365.0,365.0,365.0,0.0,5000
S2,baseline,184.0,188.5852,1.0,0.5398,0.0316,0.0014,144.0,162.0,209.0,239.0,0.0,5000
S2,rationing,234.0,241.3438,1.0,0.897,0.2522,0.0416,180.0,204.0,271.0,318.0,0.0,5000
S2,feed2food,252.0,260.7734,1.0,0.9378,0.3862,0.102,190.0,216.0,302.0,365.0,0.0,5000
S2,surge,200.0,200.9838,1.0,0.6656,0.0674,0.003,145.0,169.0,227.0,258.0,0.0,5000
S2,rice_plus3,207.0,212.1166,1.0,0.7818,0.0834,0.0044,166.0,184.0,234.0,265.0,0.0,5000
S2,dispersed,189.0,193.4768,1.0,0.5908,0.0414,0.0016,149.0,166.0,215.0,245.0,0.0,5000
S2,convoy,213.0,217.309,1.0,0.8186,0.103,0.0024,167.0,188.0,244.0,271.0,0.0,5000
S2,civil_package,357.0,330.3502,1.0,0.9988,0.8726,0.4742,263.0,299.0,365.0,365.0,0.0002,5000
S2,full_package,inf,358.3784,1.0,1.0,0.9918,0.8382,338.0,365.0,365.0,365.0,0.0,5000
S3,baseline,118.0,117.1202,0.942,0.0,0.0,0.0,96.0,106.0,129.0,138.0,0.0,5000
S3,rationing,137.0,136.6142,0.9928,0.0086,0.0,0.0,111.0,124.0,150.0,161.0,0.0432,5000
S3,feed2food,139.0,138.7734,0.9982,0.0118,0.0,0.0,116.0,126.0,151.0,162.0,0.0,5000
S3,surge,118.0,117.2966,0.942,0.0006,0.0,0.0,96.0,106.0,129.0,139.0,0.001,5000
S3,rice_plus3,133.0,133.0144,0.9968,0.0016,0.0,0.0,112.0,122.0,144.0,154.0,0.0002,5000
S3,dispersed,125.0,124.809,0.9794,0.0,0.0,0.0,104.0,114.0,136.0,146.0,0.0002,5000
S3,convoy,169.0,171.2324,1.0,0.3486,0.0006,0.0,136.0,151.0,190.0,212.0,0.0,5000
S3,civil_package,179.0,178.6384,1.0,0.4648,0.001,0.0,148.0,162.0,194.0,209.0,0.1262,5000
S3,full_package,352.0,329.3498,1.0,0.9998,0.8716,0.4476,263.0,296.0,365.0,365.0,0.0,5000
