COUNTY_ID,COUNTY,COLUMN1,COLUMN2,COLUMN3,COLUMN4,COLUMN5,COLUMN6,COLUMN7,COLUMN8,COLUMN9,COLUMN10,INFO_TIME
縣市代碼,縣市名稱,農戶數,稻作收穫面積,稻米產量,耕地面積,水田面積,旱田面積,耕地率,水田占耕地面積比率,旱田占耕地面積比率,平均每一農戶耕地面積,資料時間
65000,新北市,,132.77 ,591.52 ,22417.16 ,8907.44 ,13509.72 ,10.92,39.73,60.27,,"113Y"
63000,臺北市,,431.45 ,1270.21 ,3233.38 ,1021.23 ,2212.15 ,11.9,31.58,68.42,,"113Y"
68000,桃園市,,13398.58 ,59309.55 ,30263.82 ,25159.64 ,5104.18 ,24.79,83.13,16.87,,"113Y"
66000,臺中市,,20974.50 ,99368.45 ,47434.37 ,18994.44 ,28439.93 ,21.42,40.04,59.96,,"113Y"
67000,臺南市,,20855.09 ,120073.24 ,90221.02 ,34862.89 ,55358.13 ,41.17,38.64,61.36,,"113Y"
64000,高雄市,,5122.17 ,28909.65 ,46717.00 ,18154.87 ,28562.13 ,15.82,38.86,61.14,,"113Y"
10002,宜蘭縣,,11114.20 ,55747.38 ,25857.35 ,15074.84 ,10782.51 ,12.06,58.3,41.7,,"113Y"
10004,新竹縣,,7017.57 ,29018.18 ,27052.62 ,13180.10 ,13872.52 ,18.95,48.72,51.28,,"113Y"
10005,苗栗縣,,9515.65 ,40271.34 ,32903.78 ,9474.45 ,23429.33 ,18.08,28.79,71.21,,"113Y"
10007,彰化縣,,44267.70 ,236983.93 ,60980.66 ,41172.68 ,19807.98 ,56.76,67.52,32.48,,"113Y"
10008,南投縣,,4068.00 ,21295.87 ,64991.72 ,6483.89 ,58507.83 ,15.83,9.98,90.02,,"113Y"
10009,雲林縣,,36990.02 ,214757.67 ,79420.46 ,51269.77 ,28150.69 ,61.53,64.55,35.45,,"113Y"
10010,嘉義縣,,28235.65 ,161108.30 ,73107.90 ,39273.62 ,33834.28 ,38.4,53.72,46.28,,"113Y"
10013,屏東縣,,6951.21 ,37954.41 ,70809.34 ,30782.06 ,40027.28 ,25.51,43.47,56.53,,"113Y"
10014,臺東縣,,12575.23 ,47013.91 ,47707.01 ,14499.03 ,33207.98 ,13.57,30.39,69.61,,"113Y"
10015,花蓮縣,,16307.62 ,53998.48 ,41484.72 ,11211.74 ,30272.98 ,8.96,27.03,72.97,,"113Y"
10016,澎湖縣,,0,0,5540.13 ,0,5540.13 ,43.67,0,100,,"113Y"
10017,基隆市,,0,0,739.46,250.23,489.23,5.57,33.84,66.16,,"113Y"
10018,新竹市,,1026.95 ,4076.38 ,2209.78 ,1596.99 ,612.79,21.22,72.27,27.73,,"113Y"
10020,嘉義市,,1299.16 ,7434.07 ,1793.50 ,895.76 ,897.74,29.88,49.94,50.06,,"113Y"
09020,金門縣,,0,0,2013.44 ,0,2013.44 ,13.28,0,100,,"113Y"
09007,連江縣,,0,0,0,0,0,0,0,0,,"113Y"
