COUNTY_ID,COUNTY,H_CNT,P_CNT,M_CNT,F_CNT,INFO_TIME
縣市代碼,縣市名稱,戶數,人口數,男性人口數,女性人口數,資料時間
"65000","新北市",1786834,4044831,1961619,2083212,"114Y12M"
"63000","臺北市",1080892,2439507,1148819,1290688,"114Y12M"
"68000","桃園市",991297,2355106,1158094,1197012,"114Y12M"
"66000","臺中市",1168300,2868465,1398055,1470410,"114Y12M"
"67000","臺南市",776693,1852477,917451,935026,"114Y12M"
"64000","高雄市",1210064,2718545,1329197,1389348,"114Y12M"
"10002","宜蘭縣",193611,449336,225017,224319,"114Y12M"
"10004","新竹縣",239605,597235,303826,293409,"114Y12M"
"10005","苗栗縣",212661,531172,272809,258363,"114Y12M"
"10007","彰化縣",444309,1210206,613513,596693,"114Y12M"
"10008","南投縣",189623,467881,237579,230302,"114Y12M"
"10009","雲林縣",262407,650989,334243,316746,"114Y12M"
"10010","嘉義縣",195346,473181,244656,228525,"114Y12M"
"10013","屏東縣",313647,782256,395140,387116,"114Y12M"
"10014","臺東縣",87832,208320,105848,102472,"114Y12M"
"10015","花蓮縣",133813,312807,156629,156178,"114Y12M"
"10016","澎湖縣",44995,106716,54574,52142,"114Y12M"
"10017","基隆市",168322,359836,178300,181536,"114Y12M"
"10018","新竹市",189365,455740,224870,230870,"114Y12M"
"10020","嘉義市",108946,261592,125065,136527,"114Y12M"
"09020","金門縣",46786,139313,69184,70129,"114Y12M"
"09007","連江縣",4063,13621,7913,5708,"114Y12M"
