county_zh,rice_harvest_ha,rice_t,cultivated_ha,paddy_ha,dry_ha,time
新北市,132.77,591.52,22417.16,8907.44,13509.72,113Y
臺北市,431.45,1270.21,3233.38,1021.23,2212.15,113Y
桃園市,13398.58,59309.55,30263.82,25159.64,5104.18,113Y
臺中市,20974.5,99368.45,47434.37,18994.44,28439.93,113Y
臺南市,20855.09,120073.24,90221.02,34862.89,55358.13,113Y
高雄市,5122.17,28909.65,46717.0,18154.87,28562.13,113Y
宜蘭縣,11114.2,55747.38,25857.35,15074.84,10782.51,113Y
新竹縣,7017.57,29018.18,27052.62,13180.1,13872.52,113Y
苗栗縣,9515.65,40271.34,32903.78,9474.45,23429.33,113Y
彰化縣,44267.7,236983.93,60980.66,41172.68,19807.98,113Y
南投縣,4068.0,21295.87,64991.72,6483.89,58507.83,113Y
雲林縣,36990.02,214757.67,79420.46,51269.77,28150.69,113Y
嘉義縣,28235.65,161108.3,73107.9,39273.62,33834.28,113Y
屏東縣,6951.21,37954.41,70809.34,30782.06,40027.28,113Y
臺東縣,12575.23,47013.91,47707.01,14499.03,33207.98,113Y
花蓮縣,16307.62,53998.48,41484.72,11211.74,30272.98,113Y
澎湖縣,0.0,0.0,5540.13,0.0,5540.13,113Y
基隆市,0.0,0.0,739.46,250.23,489.23,113Y
新竹市,1026.95,4076.38,2209.78,1596.99,612.79,113Y
嘉義市,1299.16,7434.07,1793.5,895.76,897.74,113Y
金門縣,0.0,0.0,2013.44,0.0,2013.44,113Y
連江縣,0.0,0.0,0.0,0.0,0.0,113Y
