year,year_roc,group,production_t,imports_t,exports_t,stock_change_kt,domestic_supply_kt,supply_note
2015,104,cereals,1388939.7005,6162071.4019153,196796.6971898,-465.0759,7602.1839985,
2015,104,starchy_roots,307492.99,1461804.872491,76364.2907156,12.741,1695.693746,
2015,104,sugars,68239.0,713806.7108522,21521.4512958,,760.5242595564,production + imports - exports (supply not published)
2015,104,pulses_oilseeds,80089.32,2863905.9564456,24131.1822944,98.685,2821.1791,
2015,104,vegetables,2371914.424,430171.8861767,121771.4777076,0.0,2680.314832,
2015,104,fruits,2801540.662,561507.4799545,189973.1619506,0.0,3173.0749800039,
2015,104,meat,1495387.49196,474036.5258538,7696.9443559,5.586,1956.1410734579,
2015,104,eggs,450487.06524,2061.5550842,2106.546402,0.0,450.4420739222,
2015,104,fish,1310892.4709195,375973.078368,935861.0920977,0.0,751.7596207703,
2015,104,milk,391155.884,178619.546,10803.542,-0.258,559.229888,
2015,104,oils_fats,392441.0058205,388845.513,29061.237,3.232,748.9932818205,
2015,104,alcohol_ref,5020298.0,2270280.75,,,7140.1328,
2016,105,cereals,1385758.5875,6227470.6773071,232401.2090348,-349.2555,7519.0656795,
2016,105,starchy_roots,311537.456,1309989.7435109,77202.7810208,-80.029,1634.242054,
2016,105,sugars,47024.2,666536.7078301,20647.0011348,,692.9139066952999,production + imports - exports (supply not published)
2016,105,pulses_oilseeds,79045.304,2628423.3860785,29634.8037185,-95.721,2773.554674,
2016,105,vegetables,2444052.24,551732.2879825,113593.8013834,0.0,2882.19065,
2016,105,fruits,2552959.633,628993.4758619,173628.8994883,0.0,3008.3242093736,
2016,105,meat,1525506.58116,424724.7563853,12675.029495,3.546,1934.0103080503,
2016,105,eggs,473980.00161,2308.6028281,2307.5792195,0.0,473.9810252186,
2016,105,fish,1012528.1707856,386815.8311636,779421.3399182,0.0,620.6213982454,
2016,105,milk,393334.065,196724.692,8924.374,-0.102,581.236383,
2016,105,oils_fats,385985.155484,372566.882,29072.864,-2.383,731.862173484,
2016,105,alcohol_ref,4931180.0,2480018.93,,,7350.0589,
2017,106,cereals,1535282.644,6499999.8629785,157618.4389513,164.4957,7507.67228,
2017,106,starchy_roots,311899.043,1375624.5378178,93460.179665,35.449,1569.640592,
2017,106,sugars,41704.22,961601.7278848,218012.9422741,,785.2930056107,production + imports - exports (supply not published)
2017,106,pulses_oilseeds,83935.711,2737654.9904071,20417.5194918,-67.415,2868.588272,
2017,106,vegetables,2573023.64,473466.1029309,80794.7702436,0.0,2965.694948,
2017,106,fruits,2940700.276,635502.7584595,181929.5224667,0.0,3394.2735119928,
2017,106,meat,1505629.49484,459774.7874904,12210.149428,1.351,1951.8431329024,
2017,106,eggs,483252.09552,3104.7918421,2535.7272161,0.0,483.821160146,
2017,106,fish,1031644.8453755,398057.8767987,790372.6886959,0.0,639.7274116028,
2017,106,milk,400562.363,218690.99,8191.994,-0.075,611.136359,
2017,106,oils_fats,396463.1837285,382540.145,19829.841,6.335,752.8384877285,
2017,106,alcohol_ref,5074946.0,2626080.92,,,7477.7409,
2018,107,cereals,1693619.4415,6058164.454556,218445.5212956,-90.6535,7437.0159005,
2018,107,starchy_roots,314891.566,1294415.0377971,141172.4986429,-32.362,1526.398731,
2018,107,sugars,61257.283,1154171.3372804,395022.0142993,,820.4066059811001,production + imports - exports (supply not published)
2018,107,pulses_oilseeds,79709.935,2800116.3474774,19871.3120721,10.7017,2849.253262,
2018,107,vegetables,2623664.423,424899.0536629,95484.544076,0.0,2953.078898,
2018,107,fruits,2895771.841,557637.7552778,203033.4272098,0.0,3250.376169068,
2018,107,meat,1565245.1952,537869.4630917,11808.7268956,-2.332,2093.6379313961,
2018,107,eggs,473963.182965,2801.7497041,2689.1517144,0.0,474.0757809547,
2018,107,fish,1102452.363351,412655.8237227,771749.8035598,0.0,743.7253470629,
2018,107,milk,433316.768,221391.968,9856.132,-0.034,644.886604,
2018,107,oils_fats,395891.865015,398510.981,35603.131,-11.235,770.034715015,
2018,107,alcohol_ref,4858270.0,2541464.48,,,7219.5155,
2019,108,cereals,1562832.076,6841513.1713105,265985.272904,406.0233,7531.394571,
2019,108,starchy_roots,276144.474,1342514.691074,265816.9800684,8.589,1376.044698,
2019,108,sugars,52224.835,757788.3663925,203895.180582,,606.1180208105001,production + imports - exports (supply not published)
2019,108,pulses_oilseeds,72863.827,2846769.4915791,17040.6156745,36.7791,2865.81354,
2019,108,vegetables,2482813.903,518958.1221387,81689.3069184,0.0,2920.082702,
2019,108,fruits,2636815.02,585669.7593795,243626.2942554,0.0,2978.8584851241,
2019,108,meat,1594444.94064,549315.8900311,8926.255784,5.97,2128.8646318871,
2019,108,eggs,494549.685285,3914.320373,2754.6192556,0.0,495.7093864024,
2019,108,fish,1039705.357747,435148.3637061,843302.8539033,0.0,631.9645700028,
2019,108,milk,445228.541,234818.365,10367.339,-0.001,669.680567,
2019,108,oils_fats,395459.242205,392534.405,34323.99,3.301,750.368657205,
2019,108,alcohol_ref,4543996.0,2757049.86,,,7202.7269,
2020,109,cereals,1537903.391,6498867.468936789,422781.974400821,-117.9679,7524.665827,
2020,109,starchy_roots,314130.479,1371291.705579944,178831.8849081,10.747,1505.090401,
2020,109,sugars,55928.727,646869.583728423,77904.437627,,624.893873101423,production + imports - exports (supply not published)
2020,109,pulses_oilseeds,73827.211,2774266.8998550223,15102.0025983,-39.278,2872.27014,
2020,109,vegetables,2433548.189,465273.2153787,76898.3732117,0.0,2821.922928,
2020,109,fruits,2787255.476,550622.1780778,204533.6760327,0.0,3133.3439780451,
2020,109,meat,1643424.27468,557552.7565578223,12140.6484952,17.573,2171.26338274262,
2020,109,eggs,522979.48995,3241.964936,3042.224964,0.0,523.179229922,
2020,109,fish,890944.890585,475183.20830796,669031.69734208,0.0,697.71183096588,
2020,109,milk,450353.515,248048.42601,8173.627,0.021,690.20731401,
2020,109,oils_fats,398776.75159675,391699.381027,26247.22,-2.038,766.26691262375,
2020,109,alcohol_ref,4560472.0,2738316.66,,,7153.4707,
2021,110,cereals,1390520.159,6262882.8391576,376723.6982813,-227.9474,7337.651726,
2021,110,starchy_roots,290662.465,1559805.9249108,217773.8880119,84.318,1563.047767,
2021,110,sugars,69018.889,637638.5909966,77789.8980631,,628.8675819335,production + imports - exports (supply not published)
2021,110,pulses_oilseeds,68873.105,2769495.9349379,15776.8784388,-32.1306,2854.722748,
2021,110,vegetables,2384257.604,483249.5612984,77360.9157362,0.0,2790.146216,
2021,110,fruits,2627001.231,593748.3842226,192486.1467202,0.0,3028.2634685024,
2021,110,meat,1646748.99952,473148.2603204,7687.4927202,16.305,2095.9047671202,
2021,110,eggs,530805.234555,2737.7103925,2634.7152455,0.0,530.908229702,
2021,110,fish,983759.394737,459307.3705,745580.6566,-0.413,698.7806929,
2021,110,milk,461510.695,240458.529,7981.798,-0.023,694.010426,
2021,110,oils_fats,395400.63161245,391707.197,39267.332,2.068,745.77249661245,
2021,110,alcohol_ref,4070683.0,3011566.1,,,7029.3161,
2022,111,cereals,1423947.2975,6585899.9052805,309354.5274548,-1.505799999999,7527.6684753257,
2022,111,starchy_roots,300597.2303,1572470.589993,210674.0803408,1.494,1669.7633290335,
2022,111,sugars,53349.03348,603671.6193733,47207.8992353,,609.812753618,production + imports - exports (supply not published)
2022,111,pulses_oilseeds,67055.5822,2918711.9563476,13613.0148181,105.5478,2866.6067237295,
2022,111,vegetables,2371204.3394,451792.9611909,73540.8210096,0.0,2749.4564795813,
2022,111,fruits,2490508.5042,625868.6671158,130651.5158204,0.0,2985.7256554954,
2022,111,meat,1634773.75756,556670.9297361,7644.0554179,16.299,2167.5016318782,
2022,111,eggs,530338.951315,3844.868207,2217.2526887,0.0,531.9665668333,
2022,111,fish,876151.19564,515687.8971,618447.4563,4.057,769.33463574,
2022,111,milk,474534.109,231448.979,5141.042,0.0,700.842046,
2022,111,oils_fats,396757.7133798634,389935.396,40065.37,7.236,739.391739379863,
2022,111,alcohol_ref,3944171.0,3264228.79,,0.0,7152.89479,
2023,112,cereals,1316514.4406,6118508.3984251,294504.3281907,-308.201,7313.3825108344,
2023,112,starchy_roots,276169.3487,1477270.3261884,205006.3288884,-44.499221666666,1595.83455478497,
2023,112,sugars,58338.17796,673004.7443321,45188.8527502,,686.1540695419001,production + imports - exports (supply not published)
2023,112,pulses_oilseeds,61936.7714,2709666.5691177,13666.3823832,-122.0,2879.9369581345,
2023,112,vegetables,2265127.4111,525801.6510088,67259.267223,0.0,2723.6697948858,
2023,112,fruits,2528475.8912,592200.4427185,120561.6487002,0.0,3000.1146852183,
2023,112,meat,1575077.99004,604293.5112898,5747.8397468,16.133,2157.490661583,
2023,112,eggs,514516.381145,15559.854161,1476.0337358,1.2,527.4002015702,
2023,112,fish,896681.18675,477056.5298,568407.9039,20.0,785.32981265,
2023,112,milk,483045.808,238617.321,4385.935,4.6,712.677194,
2023,112,oils_fats,394424.673101297,392183.335,54547.448,-3.317,735.377560101297,
2023,112,alcohol_ref,3814381.0,3558516.23,,0.0,7242.93223,
2024,113,cereals,1406372.14465,6484943.391344,305507.2157,-86.856999999999,7509.636320294,
2024,113,starchy_roots,299632.7862,1497995.8093472,199947.8274331,7.974872083333,1590.47564299417,
2024,113,sugars,42241.15976,606164.5184574,42615.2793536,,605.7903988638,production + imports - exports (supply not published)
2024,113,pulses_oilseeds,56488.3304,2806253.4820738,13380.0378851,39.0,2810.3617745887,
2024,113,vegetables,2331290.9776,572483.3395001,67739.0570517,0.0,2836.0352600484,
2024,113,fruits,2220492.644,619855.9695634,127909.2010975,0.0,2712.4394124659,
2024,113,meat,1619933.00568,542138.6813451,5405.5172533,11.0,2145.6661697718,
2024,113,eggs,572114.80593,1615.3705032,1389.9163523,4.2,568.1402600809,
2024,113,fish,1042027.95989,481473.6653,694217.924,-10.0,839.283701189999,
2024,113,milk,462696.522,245619.583,3437.548,0.0,704.878557,
2024,113,oils_fats,387355.183484655,365462.296,32955.164,-3.848,723.710315484655,
2024,113,alcohol_ref,3557047.0,3514583.04,,0.0,6985.69304,
2025,114,cereals,1439573.33445,6268922.774272,272104.8005831,8.455,7283.3813081389,
2025,114,starchy_roots,312297.6421,1521846.9100284,175996.934209,6.784,1650.1992010591,
2025,114,sugars,49213.61476,661810.7409915,37056.771218,,673.9675845335,production + imports - exports (supply not published)
2025,114,pulses_oilseeds,57587.6007,2922130.7422541,12787.7616496,11.0,2955.9305813045,
2025,114,vegetables,2322539.7742,566505.4654313,67054.9007582,0.0,2821.9903388731,
2025,114,fruits,2145157.3282,725770.1245084,94772.3442172,0.0,2776.1551084912,
2025,114,meat,1621535.34408,648637.353557,4799.5546902,7.837,2257.5361429468,
2025,114,eggs,601321.514805,1107.406258,1227.5202672,-0.8,602.0014007958,
2025,114,fish,895124.4579,493271.0914,523571.0287,-9.0,873.8245206,
2025,114,milk,476213.966,246489.993,2951.902,0.0,719.752057,
2025,114,oils_fats,404271.25,371579.476,17413.452,4.466,753.971274,
2025,114,alcohol_ref,3768109.0,3385642.0,0.0,0.0,7013.89044,
