county_en,county_zh,code,region,pop_2019_moi,pop_latest,pop_latest_time
New Taipei City,新北市,NTP,west,4010657,4044831,114Y12M
Taichung City,臺中市,TXG,west,2811729,2868465,114Y12M
Kaohsiung City,高雄市,KHH,west,2773786,2718545,114Y12M
Taipei City,臺北市,TPE,west,2650154,2439507,114Y12M
Taoyuan City,桃園市,TYN,west,2240328,2355106,114Y12M
Tainan City,臺南市,TNN,west,1881730,1852477,114Y12M
Changhua County,彰化縣,CHA,west,1273613,1210206,114Y12M
Pingtung County,屏東縣,PIF,west,820798,782256,114Y12M
Yunlin County,雲林縣,YUN,west,682577,650989,114Y12M
Hsinchu County,新竹縣,HSQ,west,561766,597235,114Y12M
Miaoli County,苗栗縣,MIA,west,546461,531172,114Y12M
Chiayi County,嘉義縣,CYQ,west,504750,473181,114Y12M
Nantou County,南投縣,NAN,west,495084,467881,114Y12M
Yilan County,宜蘭縣,ILA,east,454636,449336,114Y12M
Hsinchu City,新竹市,HSZ,west,447781,455740,114Y12M
Keelung City,基隆市,KEE,west,369305,359836,114Y12M
Hualien County,花蓮縣,HUA,east,326780,312807,114Y12M
Chiayi City,嘉義市,CYI,west,268068,261592,114Y12M
Taitung County,臺東縣,TTT,east,217540,208320,114Y12M
Kinmen County,金門縣,KIN,island,139319,139313,114Y12M
Penghu County,澎湖縣,PEN,island,104711,106716,114Y12M
Lienchiang County,連江縣,LIE,island,13073,13621,114Y12M
