county_en,county_zh,crop1_area_ha,crop1_brown_t,crop2_area_ha,crop2_brown_t
Taipei City,臺北市,215,920,214,480
New Taipei City,新北市,131,612,6,13
Keelung City,基隆市,0,0,0,0
Yilan County,宜蘭縣,11070,57222,9,16
Taoyuan City,桃園市,11917,58623,1802,5838
Hsinchu City,新竹市,603,2914,485,1744
Hsinchu County,新竹縣,4599,21671,2595,9141
Miaoli County,苗栗縣,6253,34400,4313,18156
Taichung City,臺中市,12112,69957,9739,37525
Changhua County,彰化縣,27080,170289,17195,78148
Nantou County,南投縣,2078,12254,2049,10870
Yunlin County,雲林縣,24234,158467,10543,51963
Chiayi City,嘉義市,680,4552,584,2775
Chiayi County,嘉義縣,16361,107057,8927,42925
Tainan City,臺南市,11833,73549,6087,26626
Kaohsiung City,高雄市,4682,21999,252,752
Pingtung County,屏東縣,6112,33454,691,2446
Taitung County,臺東縣,6445,32521,6102,22967
Hualien County,花蓮縣,8263,44138,7519,28271
Penghu County,澎湖縣,0,0,0,0
Kinmen County,金門縣,0,0,0,0
Lienchiang County,連江縣,0,0,0,0
